-- --------------------------------------------------------
-- 主机:                           127.0.0.1
-- 服务器版本:                        5.5.29 - MySQL Community Server (GPL)
-- 服务器操作系统:                      Win32
-- HeidiSQL 版本:                  8.0.0.4396
-- --------------------------------------------------------

/*!40101 SET @OLD_CHARACTER_SET_CLIENT=@@CHARACTER_SET_CLIENT */;
/*!40101 SET NAMES utf8 */;
/*!40014 SET @OLD_FOREIGN_KEY_CHECKS=@@FOREIGN_KEY_CHECKS, FOREIGN_KEY_CHECKS=0 */;
/*!40101 SET @OLD_SQL_MODE=@@SQL_MODE, SQL_MODE='NO_AUTO_VALUE_ON_ZERO' */;

-- 导出  表 carrental.t_admin 结构
DROP TABLE IF EXISTS `t_admin`;
CREATE TABLE IF NOT EXISTS `t_admin` (
  `id` int(10) NOT NULL AUTO_INCREMENT,
  `admin_name` varchar(50) NOT NULL,
  `login_name` varchar(50) NOT NULL,
  `login_pwd` varchar(50) NOT NULL,
  `sex` varchar(10) NOT NULL DEFAULT 'male',
  `email` varchar(50) NOT NULL,
  `phone` varchar(20) NOT NULL,
  `address` varchar(200) DEFAULT NULL,
  `qq` varchar(20) DEFAULT NULL,
  `company_name` varchar(200) DEFAULT NULL,
  `created_user` varchar(50) NOT NULL,
  `created_dt` timestamp NOT NULL DEFAULT CURRENT_TIMESTAMP,
  `updated_user` varchar(50) NOT NULL,
  `updated_dt` timestamp NOT NULL DEFAULT '0000-00-00 00:00:00',
  `type` varchar(50) NOT NULL DEFAULT 'CUSTOM_PERSONAL',
  `is_delete` varchar(2) NOT NULL DEFAULT '0',
  `in_blacklist` varchar(2) NOT NULL DEFAULT '0',
  `city_id` varchar(2) DEFAULT NULL,
  `role_id` varchar(50) DEFAULT NULL,
  PRIMARY KEY (`id`)
) ENGINE=InnoDB AUTO_INCREMENT=22 DEFAULT CHARSET=utf8;

-- 正在导出表  carrental.t_admin 的数据：~12 rows (大约)
DELETE FROM `t_admin`;
/*!40000 ALTER TABLE `t_admin` DISABLE KEYS */;
INSERT INTO `t_admin` (`id`, `admin_name`, `login_name`, `login_pwd`, `sex`, `email`, `phone`, `address`, `qq`, `company_name`, `created_user`, `created_dt`, `updated_user`, `updated_dt`, `type`, `is_delete`, `in_blacklist`, `city_id`, `role_id`) VALUES
	(1, '系统管理员', 'admin', 'e10adc3949ba59abbe56e057f20f883e', 'male', '13861613227@163.com', '', NULL, NULL, '', '1', '2013-10-30 09:38:21', '1', '2013-10-30 09:38:25', 'ADMIN', '0', '0', '1', '1'),
	(2, '赫兹租车', 'hezi', 'e10adc3949ba59abbe56e057f20f883e', 'male', '', '', NULL, NULL, '', '1', '2013-10-30 09:38:21', '1', '2013-10-30 20:16:12', 'ADMIN', '0', '0', '3', '3'),
	(3, '得利租车', 'deli', 'e10adc3949ba59abbe56e057f20f883e', 'male', '', '', NULL, NULL, '', '1', '2013-10-30 09:38:21', '1', '2013-10-30 09:38:25', 'ADMIN', '0', '0', '1', '2'),
	(6, '张XX', '13811111111', 'e10adc3949ba59abbe56e057f20f883e', 'female', '11@11.com', '13811111111', '滨湖区泰康新村', '5695239', '', '1', '2013-10-30 10:41:04', '6', '2013-11-13 15:18:20', 'CUSTOM_PERSONAL', '0', '0', '3', NULL),
	(7, 'ttt', 'tt', 'e10adc3949ba59abbe56e057f20f883e', 'male', '', '', NULL, NULL, '', '1', '2013-10-30 11:01:04', '1', '2013-10-30 11:29:27', 'CUSTOM_PERSONAL', '1', '0', '1', '2'),
	(8, '123', '333', 'e10adc3949ba59abbe56e057f20f883e', 'male', '', '', NULL, NULL, '', '1', '2013-10-30 11:02:29', '1', '2013-10-30 11:02:29', 'ADMIN', '0', '0', '1', '2'),
	(9, 'ttt3', 'tt2', 'e10adc3949ba59abbe56e057f20f883e', 'male', '', '', NULL, NULL, '', '1', '2013-10-30 11:29:11', '1', '2013-10-30 11:29:11', 'CUSTOM_PERSONAL', '1', '0', '1', '2'),
	(10, 'hezi2', 'hezi2', 'e10adc3949ba59abbe56e057f20f883e', 'male', '', '', NULL, NULL, '', '2', '2013-10-30 20:15:00', '2', '2013-10-30 20:15:00', 'CUSTOM_PERSONAL', '0', '1', '3', ''),
	(16, '夏XX', '13811111113', 'e10adc3949ba59abbe56e057f20f883e', 'male', '11@13.com', '13811111113', NULL, NULL, 'XX公司', '1', '2013-11-08 15:30:00', '1', '2013-11-08 15:30:00', 'CUSTOM_COMPANY', '0', '0', '1', NULL),
	(17, '张XXX', '13811111112', 'e10adc3949ba59abbe56e057f20f883e', 'female', '111@11.com', '13811111112', NULL, NULL, NULL, '1', '2013-11-13 11:32:37', '1', '2013-11-13 11:32:37', 'CUSTOM_PERSONAL', '0', '0', NULL, NULL),
	(18, '君XXX', '13811111114', 'e10adc3949ba59abbe56e057f20f883e', 'female', '111@11.com', '13811111114', NULL, NULL, NULL, '1', '2013-11-13 11:34:21', '1', '2013-11-13 11:34:21', 'CUSTOM_PERSONAL', '0', '0', NULL, NULL),
	(21, '张霄鹏', '13861613227', 'e10adc3949ba59abbe56e057f20f883e', 'male', '13861613227@163.com', '13861613227', NULL, NULL, '', '1', '2013-11-29 20:32:16', '1', '2013-11-29 20:32:16', 'CUSTOM_PERSONAL', '0', '0', NULL, NULL);
/*!40000 ALTER TABLE `t_admin` ENABLE KEYS */;


-- 导出  表 carrental.t_business 结构
DROP TABLE IF EXISTS `t_business`;
CREATE TABLE IF NOT EXISTS `t_business` (
  `id` int(10) NOT NULL AUTO_INCREMENT,
  `created_user` varchar(50) NOT NULL,
  `created_dt` timestamp NOT NULL DEFAULT CURRENT_TIMESTAMP,
  `updated_user` varchar(50) NOT NULL,
  `updated_dt` timestamp NOT NULL DEFAULT '0000-00-00 00:00:00',
  `business_type` varchar(50) NOT NULL,
  `rent_fee` smallint(6) NOT NULL,
  `insurance_fee` smallint(6) NOT NULL,
  `fuel_fee` smallint(6) NOT NULL,
  `driver_fee` smallint(6) NOT NULL,
  `exceed_minute_to_hour` tinyint(4) NOT NULL DEFAULT '20',
  `exceed_hour_fee` smallint(6) NOT NULL,
  `exceed_meter_to_kilometer` smallint(6) NOT NULL DEFAULT '400',
  `exceed_kilometer_fee` smallint(6) NOT NULL,
  `content` varchar(2000) DEFAULT NULL,
  `renttype_id` varchar(50) NOT NULL,
  `base_hour` smallint(6) NOT NULL,
  `base_kilometer` smallint(6) NOT NULL,
  PRIMARY KEY (`id`)
) ENGINE=InnoDB AUTO_INCREMENT=4 DEFAULT CHARSET=utf8;

-- 正在导出表  carrental.t_business 的数据：~3 rows (大约)
DELETE FROM `t_business`;
/*!40000 ALTER TABLE `t_business` DISABLE KEYS */;
INSERT INTO `t_business` (`id`, `created_user`, `created_dt`, `updated_user`, `updated_dt`, `business_type`, `rent_fee`, `insurance_fee`, `fuel_fee`, `driver_fee`, `exceed_minute_to_hour`, `exceed_hour_fee`, `exceed_meter_to_kilometer`, `exceed_kilometer_fee`, `content`, `renttype_id`, `base_hour`, `base_kilometer`) VALUES
	(1, '1', '2013-11-04 16:23:18', '1', '2013-11-04 16:23:18', '点到点代驾', 600, 10, 20, 10, 20, 150, 400, 10, '', '1', 5, 50),
	(2, '1', '2013-11-04 16:32:26', '1', '2013-11-29 17:02:50', '点到点代驾', 110, 0, 0, 0, 4, 5, 6, 7, '备注\r\n说明', '2', 5, 40),
	(3, '1', '2013-11-08 15:47:24', '1', '2013-11-08 15:47:24', '机场及车站接送', 450, 20, 5, 10, 20, 50, 400, 10, '', '1', 10, 100);
/*!40000 ALTER TABLE `t_business` ENABLE KEYS */;


-- 导出  表 carrental.t_business_desc 结构
DROP TABLE IF EXISTS `t_business_desc`;
CREATE TABLE IF NOT EXISTS `t_business_desc` (
  `id` int(10) NOT NULL AUTO_INCREMENT,
  `updated_user` varchar(50) NOT NULL,
  `updated_dt` timestamp NOT NULL DEFAULT CURRENT_TIMESTAMP ON UPDATE CURRENT_TIMESTAMP,
  `name` varchar(50) NOT NULL,
  `content` varchar(3000) NOT NULL,
  PRIMARY KEY (`id`)
) ENGINE=InnoDB AUTO_INCREMENT=7 DEFAULT CHARSET=utf8;

-- 正在导出表  carrental.t_business_desc 的数据：~6 rows (大约)
DELETE FROM `t_business_desc`;
/*!40000 ALTER TABLE `t_business_desc` DISABLE KEYS */;
INSERT INTO `t_business_desc` (`id`, `updated_user`, `updated_dt`, `name`, `content`) VALUES
	(1, '1', '2013-11-23 11:01:18', '点到点代驾', '<p>点到点代驾说明</p>\r\n<p>驾龄超过5年的专业司机提供服务。 统一着装：衬衫、西裤、白手套，秋冬季节配深色西装外套。标准普通话，经过培训的统一话术，文明用语。</p>'),
	(2, '1', '2013-11-23 10:06:57', '机场及车站接送', '机场及车站接送说明'),
	(3, '1', '2013-11-23 10:07:19', '市用半日租', '市用半日租说明'),
	(4, '1', '2013-11-23 10:07:34', '市用全日租', '市用全日租说明'),
	(5, '1', '2013-11-23 10:08:10', '会务车辆安排', '会务车辆安排说明'),
	(6, '1', '2013-11-23 10:08:25', '周边省市包车', '周边省市包车说明');
/*!40000 ALTER TABLE `t_business_desc` ENABLE KEYS */;


-- 导出  表 carrental.t_captcha 结构
DROP TABLE IF EXISTS `t_captcha`;
CREATE TABLE IF NOT EXISTS `t_captcha` (
  `id` int(10) NOT NULL AUTO_INCREMENT,
  `created_user` varchar(50) NOT NULL,
  `created_dt` timestamp NOT NULL DEFAULT CURRENT_TIMESTAMP ON UPDATE CURRENT_TIMESTAMP,
  `captcha` varchar(10) NOT NULL,
  `used_for` varchar(50) NOT NULL,
  `is_used` varchar(5) NOT NULL DEFAULT '0',
  PRIMARY KEY (`id`)
) ENGINE=InnoDB AUTO_INCREMENT=15 DEFAULT CHARSET=utf8;

-- 正在导出表  carrental.t_captcha 的数据：~14 rows (大约)
DELETE FROM `t_captcha`;
/*!40000 ALTER TABLE `t_captcha` DISABLE KEYS */;
INSERT INTO `t_captcha` (`id`, `created_user`, `created_dt`, `captcha`, `used_for`, `is_used`) VALUES
	(1, '1', '2013-11-25 16:22:26', '109629', '用户注册', '0'),
	(2, '1', '2013-11-25 16:22:28', '810709', '用户注册', '0'),
	(3, '1', '2013-11-25 20:11:41', '546631', '用户注册', '0'),
	(4, '1', '2013-11-25 20:12:33', '246949', '用户注册', '0'),
	(5, '1', '2013-11-26 15:04:40', '594898', '用户注册', '0'),
	(6, '1', '2013-11-26 15:06:30', '535345', '用户注册', '0'),
	(7, '1', '2013-11-26 15:08:21', '854761', '用户注册', '0'),
	(8, '1', '2013-11-26 15:09:00', '523879', '用户注册', '0'),
	(9, '1', '2013-11-26 15:13:25', '806079', '用户注册', '0'),
	(10, '1', '2013-11-26 15:14:30', '179519', '用户注册', '0'),
	(11, '1', '2013-11-26 15:15:57', '428643', '用户注册', '0'),
	(12, '1', '2013-11-26 15:16:16', '626128', '用户注册', '0'),
	(13, '1', '2013-11-29 20:29:34', '440354', '用户注册', '1'),
	(14, '20', '2013-11-29 20:32:16', '209510', '用户注册', '1');
/*!40000 ALTER TABLE `t_captcha` ENABLE KEYS */;


-- 导出  表 carrental.t_car 结构
DROP TABLE IF EXISTS `t_car`;
CREATE TABLE IF NOT EXISTS `t_car` (
  `id` int(10) NOT NULL AUTO_INCREMENT,
  `created_user` varchar(50) NOT NULL,
  `created_dt` timestamp NOT NULL DEFAULT CURRENT_TIMESTAMP,
  `updated_user` varchar(50) NOT NULL,
  `updated_dt` timestamp NOT NULL DEFAULT '0000-00-00 00:00:00',
  `plate_number` varchar(50) NOT NULL,
  `purchaser` varchar(50) NOT NULL,
  `purchaser_phone` varchar(50) NOT NULL,
  `purchase_date` timestamp NOT NULL DEFAULT '0000-00-00 00:00:00',
  `purchase_price` decimal(10,2) NOT NULL,
  `series_id` varchar(50) NOT NULL,
  `city_id` varchar(50) NOT NULL,
  `content` varchar(2000) DEFAULT NULL,
  PRIMARY KEY (`id`)
) ENGINE=InnoDB AUTO_INCREMENT=6 DEFAULT CHARSET=utf8;

-- 正在导出表  carrental.t_car 的数据：~4 rows (大约)
DELETE FROM `t_car`;
/*!40000 ALTER TABLE `t_car` DISABLE KEYS */;
INSERT INTO `t_car` (`id`, `created_user`, `created_dt`, `updated_user`, `updated_dt`, `plate_number`, `purchaser`, `purchaser_phone`, `purchase_date`, `purchase_price`, `series_id`, `city_id`, `content`) VALUES
	(2, '1', '2013-11-04 14:47:46', '1', '2013-12-02 16:40:34', '沪DY9396', '于果', '1385963223', '2013-10-27 00:00:00', 38.22, '3', '1', ''),
	(3, '1', '2013-11-10 09:34:28', '1', '2013-11-10 09:36:08', '沪B9842D', '吴XX', '13855555555', '2013-11-10 00:00:00', 33.00, '2', '1', ''),
	(4, '1', '2013-11-10 16:19:05', '1', '2013-11-10 17:33:57', '沪B5H36D', '王凡', '13852123625', '2013-10-27 00:00:00', 52.00, '2', '1', ''),
	(5, '1', '2013-11-29 15:17:48', '1', '2013-12-02 16:40:58', '沪DY6242', '阿帕奇', '13855555554', '2010-11-02 00:00:00', 26.00, '4', '1', '');
/*!40000 ALTER TABLE `t_car` ENABLE KEYS */;


-- 导出  表 carrental.t_car_series 结构
DROP TABLE IF EXISTS `t_car_series`;
CREATE TABLE IF NOT EXISTS `t_car_series` (
  `id` int(10) NOT NULL AUTO_INCREMENT,
  `created_user` varchar(50) NOT NULL,
  `created_dt` timestamp NOT NULL DEFAULT CURRENT_TIMESTAMP,
  `updated_user` varchar(50) NOT NULL,
  `updated_dt` timestamp NOT NULL DEFAULT '0000-00-00 00:00:00',
  `series_name` varchar(50) NOT NULL,
  `manufacturer` varchar(50) NOT NULL,
  `manufacturer_logo_path` varchar(200) NOT NULL,
  `series_img_path` varchar(200) NOT NULL,
  `style_name` varchar(100) DEFAULT NULL,
  `level` varchar(50) DEFAULT NULL,
  `engine` varchar(50) NOT NULL,
  `gearbox` varchar(50) DEFAULT NULL,
  `LWH` varchar(50) DEFAULT NULL,
  `structrue` varchar(50) DEFAULT NULL,
  `fuel_consumption` decimal(10,1) DEFAULT NULL,
  `fuel_capacity` smallint(6) DEFAULT NULL,
  `trunk_capacity` smallint(6) DEFAULT NULL,
  `fuel_form` varchar(50) DEFAULT NULL,
  `ROZ` varchar(50) DEFAULT NULL,
  `market_date` timestamp NULL DEFAULT '0000-00-00 00:00:00',
  `content` varchar(2000) DEFAULT NULL,
  `is_delete` varchar(2) NOT NULL DEFAULT '0',
  PRIMARY KEY (`id`)
) ENGINE=InnoDB AUTO_INCREMENT=8 DEFAULT CHARSET=utf8;

-- 正在导出表  carrental.t_car_series 的数据：~6 rows (大约)
DELETE FROM `t_car_series`;
/*!40000 ALTER TABLE `t_car_series` DISABLE KEYS */;
INSERT INTO `t_car_series` (`id`, `created_user`, `created_dt`, `updated_user`, `updated_dt`, `series_name`, `manufacturer`, `manufacturer_logo_path`, `series_img_path`, `style_name`, `level`, `engine`, `gearbox`, `LWH`, `structrue`, `fuel_consumption`, `fuel_capacity`, `trunk_capacity`, `fuel_form`, `ROZ`, `market_date`, `content`, `is_delete`) VALUES
	(2, '1', '2013-11-01 23:28:32', '1', '2013-11-03 18:20:11', '宝马7系', '宝马', 'upload/car_series/logo/2013-11-03/20131103182011_9051.png', 'upload/car_series/series/2013-11-03/20131103182011_6680.jpg', '宝马7系 2013款 740Li 豪华型', '豪华车', '3.0T 320马力 L6', '8挡手自一体', '5223*1902*1498', '4门5座三厢车', 10.9, 80, NULL, '汽油', '97号(京95号)', '2013-01-01 00:00:00', '认证车主平均油耗(L/100km)	\r\n11.8', '0'),
	(3, '1', '2013-11-03 17:55:17', '1', '2013-11-03 18:16:47', '奥迪A6L', '奥迪', 'upload/car_series/logo/2013-11-03/20131103175449_7961.png', 'upload/car_series/series/2013-11-03/20131103175514_9955.jpg', '奥迪A6L', '中大型车', '2.5L 190马力 V6', 'CVT无级变速(模拟8挡)', '5015*1874*1455', '4门5座三厢车', 7.5, 75, 460, '汽油', '97号(京95号)', '2013-01-01 00:00:00', '认证车主平均油耗(L/100km)\r\n11.1', '0'),
	(4, '1', '2013-11-04 16:18:23', '1', '2013-11-04 16:18:23', '帕萨特', '大众', 'upload/car_series/logo/2013-11-03/20131104161823_2730.gif', 'upload/car_series/series/2013-11-03/20131104161823_4169.jpg', '帕萨特 2005款 1.8T 自动豪华型', '', '1.8T 150马力 L4', '', '', '', NULL, NULL, NULL, '', '', '2013-01-01 00:00:00', '', '0'),
	(5, '1', '2013-11-28 15:14:34', '1', '2013-11-28 15:21:54', '别克GL8', '别克', 'upload/car_series/logo/2013-11-28/20131128152154_817.png', 'upload/car_series/series/2013-11-28/20131128152154_5463.jpg', '别克GL8', '', '2.5L', '', '', '', NULL, NULL, NULL, '', '', NULL, '', '0'),
	(6, '1', '2013-11-28 15:20:37', '1', '2013-11-28 15:21:18', '锋范', '锋范', 'upload/car_series/logo/2013-11-28/20131128152118_6732.gif', 'upload/car_series/series/2013-11-28/20131128152118_226.jpg', '锋范', '', '1.8T', '', '', '', NULL, NULL, NULL, '', '', NULL, '', '0'),
	(7, '1', '2013-11-28 15:23:52', '1', '2013-11-28 15:23:52', '尼桑', '尼桑', 'upload/car_series/logo/2013-11-28/20131128152352_3706.gif', 'upload/car_series/series/2013-11-28/20131128152352_7998.jpg', '尼桑', '', '2.0L', '', '', '', NULL, NULL, NULL, '', '', NULL, '', '0');
/*!40000 ALTER TABLE `t_car_series` ENABLE KEYS */;


-- 导出  表 carrental.t_city 结构
DROP TABLE IF EXISTS `t_city`;
CREATE TABLE IF NOT EXISTS `t_city` (
  `id` int(10) NOT NULL AUTO_INCREMENT,
  `created_user` varchar(50) NOT NULL,
  `created_dt` timestamp NOT NULL DEFAULT CURRENT_TIMESTAMP,
  `updated_user` varchar(50) NOT NULL,
  `updated_dt` timestamp NOT NULL DEFAULT '0000-00-00 00:00:00',
  `city_name` varchar(50) NOT NULL,
  `city_code` varchar(50) NOT NULL,
  `multiple` decimal(10,2) NOT NULL DEFAULT '1.00',
  `is_delete` varchar(2) NOT NULL DEFAULT '0',
  PRIMARY KEY (`id`)
) ENGINE=InnoDB AUTO_INCREMENT=4 DEFAULT CHARSET=utf8;

-- 正在导出表  carrental.t_city 的数据：~3 rows (大约)
DELETE FROM `t_city`;
/*!40000 ALTER TABLE `t_city` DISABLE KEYS */;
INSERT INTO `t_city` (`id`, `created_user`, `created_dt`, `updated_user`, `updated_dt`, `city_name`, `city_code`, `multiple`, `is_delete`) VALUES
	(1, '1', '2013-10-30 14:34:41', '1', '2013-10-30 14:34:41', '上海', '32002', 1.00, '0'),
	(2, '1', '2013-10-30 14:35:49', '1', '2013-10-30 14:35:49', '深圳', '320015', 1.90, '0'),
	(3, '1', '2013-10-30 14:36:17', '1', '2013-10-30 14:37:29', '南京', '320007', 0.80, '0');
/*!40000 ALTER TABLE `t_city` ENABLE KEYS */;


-- 导出  表 carrental.t_company 结构
DROP TABLE IF EXISTS `t_company`;
CREATE TABLE IF NOT EXISTS `t_company` (
  `id` int(10) NOT NULL AUTO_INCREMENT,
  `name` varchar(100) NOT NULL,
  `address` varchar(200) NOT NULL,
  `tel` varchar(50) NOT NULL,
  `postcode` varchar(50) NOT NULL,
  `fax` varchar(50) NOT NULL,
  `content` varchar(5000) NOT NULL,
  `created_user` varchar(50) NOT NULL,
  `created_dt` timestamp NOT NULL DEFAULT CURRENT_TIMESTAMP,
  `updated_user` varchar(50) NOT NULL,
  `updated_dt` timestamp NOT NULL DEFAULT '0000-00-00 00:00:00',
  PRIMARY KEY (`id`)
) ENGINE=InnoDB AUTO_INCREMENT=2 DEFAULT CHARSET=utf8;

-- 正在导出表  carrental.t_company 的数据：~1 rows (大约)
DELETE FROM `t_company`;
/*!40000 ALTER TABLE `t_company` DISABLE KEYS */;
INSERT INTO `t_company` (`id`, `name`, `address`, `tel`, `postcode`, `fax`, `content`, `created_user`, `created_dt`, `updated_user`, `updated_dt`) VALUES
	(1, '新广得利租车', '上海市黄浦区陆家浜路721-723号', '0510-8888888', '214000', '0510-8888888', '<p>上海新广得利新广得利租车有限公司成立于二〇〇七年，前身是市属机关三产；是具有上海市经营资质的正规新广得利租车公司。</p>\r\n<p>公司注册以及实到资金均为人民币壹仟萬圆整，且拥有自营品牌汽车4S店多家，企业实力雄厚。</p>\r\n<p>公司营销团队具有丰富的实际经验，能为客户带来愉悦的租车体验。</p>\r\n<p>新广得利致力打造：</p>\r\n<p>★精品带驾服务</p>\r\n<p>★企业菁英自驾长租</p>\r\n<p>★管家式车辆托管</p>', '1', '2013-11-01 11:36:32', '1', '2013-11-12 11:59:20');
/*!40000 ALTER TABLE `t_company` ENABLE KEYS */;


-- 导出  表 carrental.t_coupon 结构
DROP TABLE IF EXISTS `t_coupon`;
CREATE TABLE IF NOT EXISTS `t_coupon` (
  `id` int(10) NOT NULL AUTO_INCREMENT,
  `created_user` varchar(50) NOT NULL,
  `created_dt` timestamp NOT NULL DEFAULT CURRENT_TIMESTAMP,
  `updated_user` varchar(50) NOT NULL,
  `updated_dt` timestamp NOT NULL DEFAULT '0000-00-00 00:00:00',
  `coupon_title` varchar(100) NOT NULL,
  `coupon_type` varchar(20) NOT NULL,
  `start_date` timestamp NOT NULL DEFAULT '0000-00-00 00:00:00',
  `end_date` timestamp NOT NULL DEFAULT '0000-00-00 00:00:00',
  `full_kilometer` smallint(6) DEFAULT NULL,
  `free_kilometer` smallint(6) DEFAULT NULL,
  `rent_hours` smallint(6) DEFAULT NULL,
  `free_hours` smallint(6) DEFAULT NULL,
  `discount` decimal(10,1) DEFAULT NULL,
  `content` varchar(5000) NOT NULL,
  `image_path` varchar(200) NOT NULL,
  PRIMARY KEY (`id`)
) ENGINE=InnoDB AUTO_INCREMENT=4 DEFAULT CHARSET=utf8;

-- 正在导出表  carrental.t_coupon 的数据：~3 rows (大约)
DELETE FROM `t_coupon`;
/*!40000 ALTER TABLE `t_coupon` DISABLE KEYS */;
INSERT INTO `t_coupon` (`id`, `created_user`, `created_dt`, `updated_user`, `updated_dt`, `coupon_title`, `coupon_type`, `start_date`, `end_date`, `full_kilometer`, `free_kilometer`, `rent_hours`, `free_hours`, `discount`, `content`, `image_path`) VALUES
	(1, '1', '2013-11-05 20:30:16', '1', '2013-11-05 20:30:16', '国庆送礼第一波', '公里满就送', '2013-10-27 00:00:00', '2014-01-29 00:00:00', 100, 10, NULL, NULL, NULL, '', 'upload/coupon/image/2013-11-14/20131114094023_951.jpg'),
	(2, '1', '2013-11-05 20:31:42', '1', '2013-11-29 20:31:42', '国庆送礼第二波', '小时满就送', '2013-10-27 00:00:00', '2014-01-29 00:00:00', NULL, NULL, 5, 1, NULL, '', 'upload/coupon/image/2013-11-14/20131114094023_952.jpg'),
	(3, '1', '2013-11-08 14:32:46', '1', '2013-11-30 14:08:39', '国庆送礼第三波', '指定车型打折', '2013-10-27 00:00:00', '2014-01-30 00:00:00', NULL, NULL, NULL, NULL, 8.5, '<p>国庆给力活动开始啦！</p>\r\n<p>多款指定车系打折，奥迪A6L,宝马7系，总有你喜欢的一款。</p>\r\n<p>打折力度更是前所未有，快来订车吧！</p>', 'upload/coupon/image/2013-11-14/20131114094023_95.jpg');
/*!40000 ALTER TABLE `t_coupon` ENABLE KEYS */;


-- 导出  表 carrental.t_coupon_renttype 结构
DROP TABLE IF EXISTS `t_coupon_renttype`;
CREATE TABLE IF NOT EXISTS `t_coupon_renttype` (
  `coupon_id` varchar(50) NOT NULL,
  `renttype_id` varchar(50) NOT NULL
) ENGINE=InnoDB DEFAULT CHARSET=utf8;

-- 正在导出表  carrental.t_coupon_renttype 的数据：~1 rows (大约)
DELETE FROM `t_coupon_renttype`;
/*!40000 ALTER TABLE `t_coupon_renttype` DISABLE KEYS */;
INSERT INTO `t_coupon_renttype` (`coupon_id`, `renttype_id`) VALUES
	('3', '2');
/*!40000 ALTER TABLE `t_coupon_renttype` ENABLE KEYS */;


-- 导出  表 carrental.t_driver 结构
DROP TABLE IF EXISTS `t_driver`;
CREATE TABLE IF NOT EXISTS `t_driver` (
  `id` int(10) NOT NULL AUTO_INCREMENT,
  `created_user` varchar(50) NOT NULL,
  `created_dt` timestamp NOT NULL DEFAULT CURRENT_TIMESTAMP,
  `updated_user` varchar(50) NOT NULL,
  `updated_dt` timestamp NOT NULL DEFAULT '0000-00-00 00:00:00',
  `driver_name` varchar(20) NOT NULL,
  `driver_code` varchar(20) NOT NULL,
  `phone` varchar(50) NOT NULL,
  `address` varchar(200) NOT NULL,
  `sex` varchar(5) NOT NULL,
  `driver_years` tinyint(4) NOT NULL,
  `entry_date` timestamp NOT NULL DEFAULT '0000-00-00 00:00:00',
  `content` varchar(2000) DEFAULT NULL,
  `city_id` varchar(50) NOT NULL,
  PRIMARY KEY (`id`)
) ENGINE=InnoDB AUTO_INCREMENT=4 DEFAULT CHARSET=utf8;

-- 正在导出表  carrental.t_driver 的数据：~3 rows (大约)
DELETE FROM `t_driver`;
/*!40000 ALTER TABLE `t_driver` DISABLE KEYS */;
INSERT INTO `t_driver` (`id`, `created_user`, `created_dt`, `updated_user`, `updated_dt`, `driver_name`, `driver_code`, `phone`, `address`, `sex`, `driver_years`, `entry_date`, `content`, `city_id`) VALUES
	(1, '1', '2013-11-05 12:18:33', '1', '2013-11-10 16:16:39', '林鑫', 'B05051', '13812312312', '林鑫HOME', '男', 5, '2013-10-28 00:00:00', '', '1'),
	(2, '1', '2013-11-05 12:22:53', '1', '2013-11-10 16:16:51', '罗翔', 'B05052', '13812563241', '罗翔HOME', '女', 4, '2013-10-27 00:00:00', '', '3'),
	(3, '1', '2013-11-10 16:17:27', '1', '2013-11-10 17:24:35', '张艺谋', 'B05053', '13812545263', '张艺谋HOME', '男', 3, '2013-10-27 00:00:00', '', '1');
/*!40000 ALTER TABLE `t_driver` ENABLE KEYS */;


-- 导出  表 carrental.t_log 结构
DROP TABLE IF EXISTS `t_log`;
CREATE TABLE IF NOT EXISTS `t_log` (
  `id` int(10) NOT NULL AUTO_INCREMENT,
  `created_user` varchar(50) NOT NULL,
  `created_dt` timestamp NOT NULL DEFAULT CURRENT_TIMESTAMP,
  `title` varchar(50) NOT NULL,
  `content` varchar(500) NOT NULL,
  `level` varchar(2) NOT NULL DEFAULT '5',
  PRIMARY KEY (`id`)
) ENGINE=InnoDB AUTO_INCREMENT=247 DEFAULT CHARSET=utf8;

-- 正在导出表  carrental.t_log 的数据：~190 rows (大约)
DELETE FROM `t_log`;
/*!40000 ALTER TABLE `t_log` DISABLE KEYS */;
INSERT INTO `t_log` (`id`, `created_user`, `created_dt`, `title`, `content`, `level`) VALUES
	(1, '1', '2013-10-30 13:49:58', '删除用户', '用户：系统管理员 于 2013-10-30 13:49:58 删除了名为：ttt 的用户', '5'),
	(2, '1', '2013-10-30 14:34:41', '新增城市信息', '用户：系统管理员 于 2013-10-30 14:34:41 新增了名为：上海市 的城市信息', '5'),
	(3, '1', '2013-10-30 14:35:49', '新增城市信息', '用户：系统管理员 于 2013-10-30 14:35:49 新增了名为：深圳 的城市信息', '5'),
	(4, '1', '2013-10-30 14:36:17', '新增城市信息', '用户：系统管理员 于 2013-10-30 14:36:17 新增了名为：南京 的城市信息', '5'),
	(5, '1', '2013-10-30 14:37:29', '修改城市信息', '用户：系统管理员 于 2013-10-30 14:37:29 修改了名为：南京 的城市信息', '5'),
	(6, '1', '2013-10-30 14:37:41', '新增城市信息', '用户：系统管理员 于 2013-10-30 14:37:41 新增了名为：44 的城市信息', '5'),
	(7, '1', '2013-10-30 14:37:47', '删除城市信息', '用户：系统管理员 于 2013-10-30 14:37:47 删除了名为：44 的城市信息', '5'),
	(8, '1', '2013-10-30 15:18:25', '新增资源信息', '用户：系统管理员 于 2013-10-30 15:18:25 新增了名为：用户管理 的资源信息', '5'),
	(9, '1', '2013-10-30 15:18:38', '新增资源信息', '用户：系统管理员 于 2013-10-30 15:18:38 新增了名为：城市管理 的资源信息', '5'),
	(10, '1', '2013-10-30 15:18:51', '新增资源信息', '用户：系统管理员 于 2013-10-30 15:18:51 新增了名为：注册用户管理 的资源信息', '5'),
	(11, '1', '2013-10-30 15:19:33', '新增资源信息', '用户：系统管理员 于 2013-10-30 15:19:33 新增了名为：系统用户管理 的资源信息', '5'),
	(12, '1', '2013-10-30 15:20:38', '新增资源信息', '用户：系统管理员 于 2013-10-30 15:20:38 新增了名为：资源管理 的资源信息', '5'),
	(13, '1', '2013-10-30 15:22:47', '新增资源信息', '用户：系统管理员 于 2013-10-30 15:22:47 新增了名为：2 的资源信息', '5'),
	(14, '1', '2013-10-30 15:22:54', '新增资源信息', '用户：系统管理员 于 2013-10-30 15:22:54 新增了名为：3 的资源信息', '5'),
	(15, '1', '2013-10-30 15:23:01', '删除资源信息', '用户：系统管理员 于 2013-10-30 15:23:01 删除了名为：2 的资源信息', '5'),
	(16, '1', '2013-10-30 15:58:06', '修改注册用户', '用户：系统管理员 于 2013-10-30 15:58:06 修改了名为：张XX 的注册用户', '5'),
	(17, '1', '2013-10-30 16:00:05', '修改注册用户', '用户：系统管理员 于 2013-10-30 16:00:05 修改了名为：张XX 的注册用户', '5'),
	(18, '1', '2013-10-30 17:02:12', '新增城市信息', '用户：系统管理员 于 2013-10-30 17:02:12 新增了名为：系统管理员 的城市信息', '5'),
	(19, '1', '2013-10-30 17:04:27', '新增城市信息', '用户：系统管理员 于 2013-10-30 17:04:27 新增了名为：上海业务员 的城市信息', '5'),
	(20, '1', '2013-10-30 19:07:14', '新增角色信息', '用户：系统管理员 于 2013-10-30 19:07:14 新增了名为：南京业务员 的角色信息', '5'),
	(21, '1', '2013-10-30 19:13:26', '新增角色信息', '用户：系统管理员 于 2013-10-30 19:13:26 新增了名为：1 的角色信息', '5'),
	(22, '1', '2013-10-30 19:14:35', '新增角色信息', '用户：系统管理员 于 2013-10-30 19:14:35 新增了名为：2 的角色信息', '5'),
	(23, '1', '2013-10-30 19:15:23', '删除角色信息', '用户：系统管理员 于 2013-10-30 19:15:23 删除了名为：1 的角色信息', '5'),
	(24, '1', '2013-10-30 19:15:40', '修改角色信息', '用户：系统管理员 于 2013-10-30 19:15:40 修改了名为：2 的角色信息', '5'),
	(25, '1', '2013-10-30 19:23:01', '删除角色信息', '用户：系统管理员 于 2013-10-30 19:23:01 删除了名为：2 的角色信息', '5'),
	(26, '1', '2013-10-30 19:23:15', '修改角色信息', '用户：系统管理员 于 2013-10-30 19:23:15 修改了名为：系统管理员 的角色信息', '5'),
	(27, '1', '2013-10-30 19:24:40', '修改角色信息', '用户：系统管理员 于 2013-10-30 19:24:40 修改了名为：上海业务员 的角色信息', '5'),
	(28, '1', '2013-10-30 19:39:08', '修改系统用户', '用户：系统管理员 于 2013-10-30 19:39:08 修改了名为：赫兹租车 的系统用户', '5'),
	(29, '1', '2013-10-30 19:43:07', '修改系统用户', '用户：系统管理员 于 2013-10-30 19:43:07 修改了名为：赫兹租车 的系统用户', '5'),
	(30, '1', '2013-10-30 19:54:42', '修改系统用户', '用户：系统管理员 于 2013-10-30 19:54:42 修改了名为：赫兹租车 的系统用户', '5'),
	(31, '2', '2013-10-30 20:15:00', '新增注册用户', '用户：赫兹租车 于 2013-10-30 20:15:00 新增了名为：hezi2 的注册用户', '5'),
	(32, '2', '2013-10-30 20:15:32', '修改系统用户', '用户：赫兹租车 于 2013-10-30 20:15:32 修改了名为：赫兹租车 的系统用户', '5'),
	(33, '1', '2013-10-30 20:16:12', '修改系统用户', '用户：系统管理员 于 2013-10-30 20:16:12 修改了名为：赫兹租车 的系统用户', '5'),
	(34, '1', '2013-10-31 15:25:10', '用户加入黑名单', '用户：系统管理员 于 2013-10-31 15:25:10 将名为：hezi2 的用户加入了黑名单', '5'),
	(35, '1', '2013-10-31 15:39:42', '用户从黑名单删除', '用户：系统管理员 于 2013-10-31 15:39:42 将名为：hezi2 的用户从黑名单中删除', '5'),
	(36, '1', '2013-10-31 15:39:49', '用户加入黑名单', '用户：系统管理员 于 2013-10-31 15:39:49 将名为：hezi2 的用户加入了黑名单', '5'),
	(37, '1', '2013-10-31 17:14:22', '修改用户密码', '用户：系统管理员 于 2013-10-31 17:14:22 修改了名为： 的用户的密码', '5'),
	(38, '1', '2013-10-31 17:14:42', '修改用户密码', '用户：系统管理员 于 2013-10-31 17:14:42 修改了名为：123 的用户的密码', '5'),
	(39, '1', '2013-10-31 17:22:47', '修改用户密码', '用户：系统管理员 于 2013-10-31 17:22:47 修改了名为： 的用户的密码', '5'),
	(40, '1', '2013-11-01 09:57:04', '修改用户密码', '用户：系统管理员 于 2013-11-01 09:57:04 修改了名为：123 的用户的密码', '5'),
	(41, '1', '2013-11-01 09:57:14', '修改用户密码', '用户：系统管理员 于 2013-11-01 09:57:14 修改了名为：undefined 的用户的密码', '5'),
	(42, '1', '2013-11-01 11:36:32', '新增公司信息', '用户：系统管理员 于 2013-11-01 11:36:32 新增了公司信息', '5'),
	(43, '1', '2013-11-01 11:36:40', '修改公司信息', '用户：系统管理员 于 2013-11-01 11:36:40 修改了公司信息', '5'),
	(44, '1', '2013-11-01 22:08:52', '新增字典表信息', '用户：系统管理员 于 2013-11-01 22:08:52 新增了名为：一汽-大众奥迪 的字典表信息', '5'),
	(45, '1', '2013-11-01 22:16:10', '新增字典表信息', '用户：系统管理员 于 2013-11-01 22:16:10 新增了名为：宝马 的字典表信息', '5'),
	(46, '1', '2013-11-01 22:19:46', '新增字典表信息', '用户：系统管理员 于 2013-11-01 22:19:46 新增了名为：奥迪A4L 的字典表信息', '5'),
	(47, '1', '2013-11-01 23:26:41', '新增车型信息', '用户：系统管理员 于 2013-11-01 23:26:41 新增了名为：奥迪A4L 2013款 35 TFSI 自动豪华型 的车型信息', '5'),
	(48, '1', '2013-11-01 23:28:32', '新增车型信息', '用户：系统管理员 于 2013-11-01 23:28:32 新增了名为：奥迪A4L 2013款 30 TFSI 手动舒适型 的车型信息', '5'),
	(49, '1', '2013-11-01 23:30:29', '修改车型信息', '用户：系统管理员 于 2013-11-01 23:30:29 修改了名为：奥迪A4L 2013款 30 TFSI 手动舒适型 的车型信息', '5'),
	(50, '1', '2013-11-03 17:55:21', '新增车系信息', '用户：系统管理员 于 2013-11-03 17:55:21 新增了名为：奥迪A6L 的车系信息', '5'),
	(51, '1', '2013-11-03 18:16:47', '修改车系信息', '用户：系统管理员 于 2013-11-03 18:16:47 修改了名为：奥迪A6L 的车系信息', '5'),
	(52, '1', '2013-11-03 18:20:11', '修改车系信息', '用户：系统管理员 于 2013-11-03 18:20:11 修改了名为：宝马7系 的车系信息', '5'),
	(53, '1', '2013-11-03 18:29:08', '删除车系信息', '用户：系统管理员 于 2013-11-03 18:29:08 删除了名为：奥迪A4L 的车系信息', '5'),
	(54, '1', '2013-11-04 10:56:43', '新增租用类型信息', '用户：系统管理员 于 2013-11-04 10:56:43 新增了名为：豪华车型 的租用类型信息', '5'),
	(55, '1', '2013-11-04 14:46:19', '新增车辆信息', '用户：系统管理员 于 2013-11-04 14:46:19 新增了车牌号码为：沪B25D86 的车辆信息', '5'),
	(56, '1', '2013-11-04 14:47:46', '新增车辆信息', '用户：系统管理员 于 2013-11-04 14:47:46 新增了车牌号码为：沪B25796 的车辆信息', '5'),
	(57, '1', '2013-11-04 16:18:23', '新增车系信息', '用户：系统管理员 于 2013-11-04 16:18:23 新增了名为：帕萨特 的车系信息', '5'),
	(58, '1', '2013-11-04 16:21:50', '新增租用类型信息', '用户：系统管理员 于 2013-11-04 16:21:50 新增了名为：舒适车型 的租用类型信息', '5'),
	(59, '1', '2013-11-04 16:23:03', '修改业务信息', '用户：系统管理员 于 2013-11-04 16:23:03 修改了类型为：点到点代驾 的业务信息', '5'),
	(60, '1', '2013-11-04 16:23:18', '修改业务信息', '用户：系统管理员 于 2013-11-04 16:23:18 修改了类型为：点到点代驾 的业务信息', '5'),
	(61, '1', '2013-11-04 16:32:26', '新增业务信息', '用户：系统管理员 于 2013-11-04 16:32:26 新增了类型为：点到点代驾 的业务信息', '5'),
	(62, '1', '2013-11-05 12:18:33', '新增司机信息', '用户：系统管理员 于 2013-11-05 12:18:33 新增了名为：林鑫 的司机信息', '5'),
	(63, '1', '2013-11-05 12:22:53', '新增司机信息', '用户：系统管理员 于 2013-11-05 12:22:53 新增了名为：罗翔 的司机信息', '5'),
	(64, '1', '2013-11-05 20:30:16', '新增优惠活动信息', '用户：系统管理员 于 2013-11-05 20:30:16 新增了名为：国庆送礼第一波 的优惠活动信息', '5'),
	(65, '1', '2013-11-05 20:31:42', '新增优惠活动信息', '用户：系统管理员 于 2013-11-05 20:31:42 新增了名为：国庆送礼第二波 的优惠活动信息', '5'),
	(66, '1', '2013-11-05 20:32:04', '新增优惠活动信息', '用户：系统管理员 于 2013-11-05 20:32:04 新增了名为：国庆送礼第三波 的优惠活动信息', '5'),
	(67, '1', '2013-11-08 14:32:46', '修改优惠活动信息', '用户：系统管理员 于 2013-11-08 14:32:46 修改了名为：国庆送礼第三波 的优惠活动信息', '5'),
	(68, '1', '2013-11-08 14:40:18', '修改注册用户', '用户：系统管理员 于 2013-11-08 14:40:18 修改了名为：张XX 的注册用户', '5'),
	(69, '1', '2013-11-08 15:30:00', '新增预订租用信息', '用户：系统管理员 于 2013-11-08 15:30:00 新增了预订号为：ZC20131103-0 的预订租用信息', '5'),
	(70, '1', '2013-11-08 15:38:25', '修改预订租用信息', '用户：系统管理员 于 2013-11-08 15:38:25 修改了预订号为：ZC20131103-1 的预订租用信息', '5'),
	(71, '1', '2013-11-08 15:47:24', '新增业务信息', '用户：系统管理员 于 2013-11-08 15:47:24 新增了类型为：机场及车站接送 的业务信息', '5'),
	(72, '1', '2013-11-08 15:56:12', '新增预订租用信息', '用户：系统管理员 于 2013-11-08 15:56:12 新增了预订号为：ZC20131103-1 的预订租用信息', '5'),
	(73, '1', '2013-11-08 15:57:21', '修改预订租用信息', '用户：系统管理员 于 2013-11-08 15:57:21 修改了预订号为：ZC20131103-1 的预订租用信息', '5'),
	(74, '1', '2013-11-08 20:07:51', '取消预订租用信息', '用户：系统管理员 于 2013-11-08 20:07:51 取消了预订号为：ZC20131103-1 的预订租用信息', '5'),
	(75, '1', '2013-11-08 20:09:40', '确认预订信息', '用户：系统管理员 于 2013-11-08 20:09:40 确认了预订号为：null 的预订信息', '5'),
	(76, '1', '2013-11-08 20:11:25', '确认预订信息', '用户：系统管理员 于 2013-11-08 20:11:25 确认了预订号为：ZC20131103-1 的预订信息', '5'),
	(77, '1', '2013-11-09 11:11:41', '确认预订信息', '用户：系统管理员 于 2013-11-09 11:11:41 为预订号为：null 的预订信息分配了车辆（沪B25796）和司机（林鑫）', '5'),
	(78, '1', '2013-11-09 11:14:17', '确认预订信息', '用户：系统管理员 于 2013-11-09 11:14:17 为预订号为：ZC20131103-1 的预订信息分配了车辆（沪B25796）和司机（林鑫）', '5'),
	(79, '1', '2013-11-09 11:15:37', '确认预订信息', '用户：系统管理员 于 2013-11-09 11:15:37 为预订号为：ZC20131103-1 的预订信息分配了车辆（沪B25796）和司机（林鑫）', '5'),
	(80, '1', '2013-11-09 13:03:57', '取车', '用户：系统管理员 于 2013-11-09 13:03:57 为预订号为：ZC20131103-1 的预订信息领取了车辆', '5'),
	(81, '1', '2013-11-09 13:05:15', '取车', '用户：系统管理员 于 2013-11-09 13:05:15 为预订号为：ZC20131103-1 的预订信息领取了车辆', '5'),
	(82, '1', '2013-11-09 13:09:10', '取车', '用户：系统管理员 于 2013-11-09 13:09:10 为预订号为：ZC20131103-1 的预订信息领取了车辆', '5'),
	(83, '1', '2013-11-09 14:03:39', '取车', '用户：系统管理员 于 2013-11-09 14:03:39 领取了预订号为：ZC20131103-1 的预订车辆', '5'),
	(84, '1', '2013-11-09 16:05:16', '还车', '用户：系统管理员 于 2013-11-09 16:05:16 归还了预订号为：ZC20131103-1 的车辆', '5'),
	(85, '1', '2013-11-09 16:09:10', '还车', '用户：系统管理员 于 2013-11-09 16:09:10 归还了预订号为：ZC20131103-1 的车辆', '5'),
	(86, '1', '2013-11-09 16:16:00', '还车', '用户：系统管理员 于 2013-11-09 16:16:00 归还了预订号为：ZC20131103-1 的车辆', '5'),
	(87, '1', '2013-11-09 16:17:05', '还车', '用户：系统管理员 于 2013-11-09 16:17:05 归还了预订号为：ZC20131103-1 的车辆', '5'),
	(88, '1', '2013-11-09 16:17:56', '还车', '用户：系统管理员 于 2013-11-09 16:17:56 归还了预订号为：ZC20131103-1 的车辆', '5'),
	(89, '1', '2013-11-09 16:20:40', '还车', '用户：系统管理员 于 2013-11-09 16:20:40 归还了预订号为：ZC20131103-1 的车辆', '5'),
	(90, '1', '2013-11-09 16:39:23', '还车', '用户：系统管理员 于 2013-11-09 16:39:23 归还了预订号为：ZC20131103-1 的车辆', '5'),
	(91, '1', '2013-11-09 16:55:36', '修改业务信息', '用户：系统管理员 于 2013-11-09 16:55:36 修改了类型为：点到点代驾 的业务信息', '5'),
	(92, '1', '2013-11-09 18:00:31', '修改注册用户', '用户：系统管理员 于 2013-11-09 18:00:31 修改了名为：张XX 的注册用户', '5'),
	(93, '1', '2013-11-09 18:00:37', '删除城市信息', '用户：系统管理员 于 2013-11-09 18:00:37 删除了名为：深圳 的城市信息', '5'),
	(94, '1', '2013-11-09 18:01:23', '新增角色信息', '用户：系统管理员 于 2013-11-09 18:01:23 新增了名为：深圳业务员 的角色信息', '5'),
	(95, '1', '2013-11-09 18:06:33', '删除角色信息', '用户：系统管理员 于 2013-11-09 18:06:33 删除了名为：深圳业务员 的角色信息', '5'),
	(96, '1', '2013-11-09 18:37:30', '删除业务信息', '用户：系统管理员 于 2013-11-09 18:37:30 删除了类型为：点到点代驾 的业务信息', '5'),
	(97, '1', '2013-11-09 18:38:24', '删除业务信息', '用户：系统管理员 于 2013-11-09 18:38:24 删除了类型为：点到点代驾 的业务信息', '5'),
	(98, '1', '2013-11-09 18:49:02', '删除业务信息', '用户：系统管理员 于 2013-11-09 18:49:02 删除了类型为：点到点代驾 的业务信息', '5'),
	(99, '1', '2013-11-09 18:50:31', '新增预订租用信息', '用户：系统管理员 于 2013-11-09 18:50:31 新增了预订号为：ZC20131106-2 的预订租用信息', '5'),
	(100, '1', '2013-11-09 20:02:52', '新增预订租用信息', '用户：系统管理员 于 2013-11-09 20:02:52 新增了预订号为：ZC20131108-3 的预订租用信息', '5'),
	(101, '1', '2013-11-09 20:03:00', '删除业务信息', '用户：系统管理员 于 2013-11-09 20:03:00 删除了类型为：点到点代驾 的业务信息', '5'),
	(102, '1', '2013-11-10 09:20:28', '删除车系信息', '用户：系统管理员 于 2013-11-10 09:20:28 删除了名为：帕萨特 的车系信息', '5'),
	(103, '1', '2013-11-10 09:34:28', '新增车辆信息', '用户：系统管理员 于 2013-11-10 09:34:28 新增了车牌号码为：fsdf 的车辆信息', '5'),
	(104, '1', '2013-11-10 09:34:38', '删除车辆信息', '用户：系统管理员 于 2013-11-10 09:34:38 删除了车牌号码为：沪B25D86 的车辆信息', '5'),
	(105, '1', '2013-11-10 09:36:08', '修改车辆信息', '用户：系统管理员 于 2013-11-10 09:36:08 修改了车牌号码为：沪B9842D 的车辆信息', '5'),
	(106, '1', '2013-11-10 09:48:21', '删除优惠活动信息', '用户：系统管理员 于 2013-11-10 09:48:21 删除了名为：国庆送礼第一波 的优惠活动信息', '5'),
	(107, '1', '2013-11-10 09:55:11', '删除司机信息', '用户：系统管理员 于 2013-11-10 09:55:11 删除了名为：罗翔 的司机信息', '5'),
	(108, '1', '2013-11-10 09:55:14', '删除司机信息', '用户：系统管理员 于 2013-11-10 09:55:14 删除了名为：林鑫,罗翔 的司机信息', '5'),
	(109, '1', '2013-11-10 09:56:10', '删除司机信息', '用户：系统管理员 于 2013-11-10 09:56:10 删除了名为：林鑫,罗翔 的司机信息', '5'),
	(110, '1', '2013-11-10 10:06:02', '删除租用类型信息', '用户：系统管理员 于 2013-11-10 10:06:02 删除了名为：舒适车型 的租用类型信息', '5'),
	(111, '1', '2013-11-10 11:16:08', '新增公告信息', '用户：系统管理员 于 2013-11-10 11:16:08 新增了标题为：奥迪A6L来新车啦 的公告信息', '5'),
	(112, '1', '2013-11-10 11:30:20', '删除公告信息', '用户：系统管理员 于 2013-11-10 11:30:20 删除了标题为：奥迪A6L来新车啦 的公告信息', '5'),
	(113, '1', '2013-11-10 11:31:48', '新增公告信息', '用户：系统管理员 于 2013-11-10 11:31:48 新增了标题为：奥迪A6L来新车啦 的公告信息', '5'),
	(114, '1', '2013-11-10 11:56:16', '新增资源信息', '用户：系统管理员 于 2013-11-10 11:56:16 新增了名为：角色配置管理 的资源信息', '5'),
	(115, '1', '2013-11-10 11:56:27', '新增资源信息', '用户：系统管理员 于 2013-11-10 11:56:27 新增了名为：黑名单管理 的资源信息', '5'),
	(116, '1', '2013-11-10 11:56:38', '新增资源信息', '用户：系统管理员 于 2013-11-10 11:56:38 新增了名为：用户密码管理 的资源信息', '5'),
	(117, '1', '2013-11-10 11:56:54', '新增资源信息', '用户：系统管理员 于 2013-11-10 11:56:54 新增了名为：企业信息管理 的资源信息', '5'),
	(118, '1', '2013-11-10 11:57:02', '新增资源信息', '用户：系统管理员 于 2013-11-10 11:57:02 新增了名为：企业公告管理 的资源信息', '5'),
	(119, '1', '2013-11-10 11:57:11', '新增资源信息', '用户：系统管理员 于 2013-11-10 11:57:11 新增了名为：车辆管理 的资源信息', '5'),
	(120, '1', '2013-11-10 11:57:20', '新增资源信息', '用户：系统管理员 于 2013-11-10 11:57:20 新增了名为：车系管理 的资源信息', '5'),
	(121, '1', '2013-11-10 11:57:29', '新增资源信息', '用户：系统管理员 于 2013-11-10 11:57:29 新增了名为：租用类型管理 的资源信息', '5'),
	(122, '1', '2013-11-10 11:57:44', '新增资源信息', '用户：系统管理员 于 2013-11-10 11:57:44 新增了名为：车辆管理 的资源信息', '5'),
	(123, '1', '2013-11-10 11:58:06', '新增资源信息', '用户：系统管理员 于 2013-11-10 11:58:06 新增了名为：司机管理 的资源信息', '5'),
	(124, '1', '2013-11-10 11:58:16', '新增资源信息', '用户：系统管理员 于 2013-11-10 11:58:16 新增了名为：业务管理 的资源信息', '5'),
	(125, '1', '2013-11-10 11:58:27', '新增资源信息', '用户：系统管理员 于 2013-11-10 11:58:27 新增了名为：点到点代驾 的资源信息', '5'),
	(126, '1', '2013-11-10 11:58:38', '新增资源信息', '用户：系统管理员 于 2013-11-10 11:58:38 新增了名为：机场及车站接送 的资源信息', '5'),
	(127, '1', '2013-11-10 11:58:48', '新增资源信息', '用户：系统管理员 于 2013-11-10 11:58:48 新增了名为：市用半日租 的资源信息', '5'),
	(128, '1', '2013-11-10 11:58:57', '新增资源信息', '用户：系统管理员 于 2013-11-10 11:58:57 新增了名为：市用全日租 的资源信息', '5'),
	(129, '1', '2013-11-10 11:59:06', '新增资源信息', '用户：系统管理员 于 2013-11-10 11:59:06 新增了名为：会务车辆安排 的资源信息', '5'),
	(130, '1', '2013-11-10 11:59:18', '新增资源信息', '用户：系统管理员 于 2013-11-10 11:59:18 新增了名为：周边省市包车 的资源信息', '5'),
	(131, '1', '2013-11-10 11:59:26', '新增资源信息', '用户：系统管理员 于 2013-11-10 11:59:26 新增了名为：活动优惠管理 的资源信息', '5'),
	(132, '1', '2013-11-10 11:59:40', '新增资源信息', '用户：系统管理员 于 2013-11-10 11:59:40 新增了名为：车辆预订管理 的资源信息', '5'),
	(133, '1', '2013-11-10 11:59:52', '新增资源信息', '用户：系统管理员 于 2013-11-10 11:59:52 新增了名为：点到点代驾 的资源信息', '5'),
	(134, '1', '2013-11-10 12:00:04', '新增资源信息', '用户：系统管理员 于 2013-11-10 12:00:04 新增了名为：机场及车站接送 的资源信息', '5'),
	(135, '1', '2013-11-10 12:00:15', '新增资源信息', '用户：系统管理员 于 2013-11-10 12:00:15 新增了名为：市用半日租 的资源信息', '5'),
	(136, '1', '2013-11-10 12:00:28', '新增资源信息', '用户：系统管理员 于 2013-11-10 12:00:28 新增了名为：市用全日租 的资源信息', '5'),
	(137, '1', '2013-11-10 12:00:38', '新增资源信息', '用户：系统管理员 于 2013-11-10 12:00:38 新增了名为：会务车辆安排 的资源信息', '5'),
	(138, '1', '2013-11-10 12:00:47', '新增资源信息', '用户：系统管理员 于 2013-11-10 12:00:47 新增了名为：周边省市包车 的资源信息', '5'),
	(139, '1', '2013-11-10 12:00:55', '新增资源信息', '用户：系统管理员 于 2013-11-10 12:00:55 新增了名为：车辆租用管理 的资源信息', '5'),
	(140, '1', '2013-11-10 12:02:42', '修改角色信息', '用户：系统管理员 于 2013-11-10 12:02:42 修改了名为：系统管理员 的角色信息', '5'),
	(141, '1', '2013-11-10 12:03:44', '修改角色信息', '用户：系统管理员 于 2013-11-10 12:03:44 修改了名为：南京业务员 的角色信息', '5'),
	(142, '1', '2013-11-10 12:14:06', '修改角色信息', '用户：系统管理员 于 2013-11-10 12:14:06 修改了名为：上海业务员 的角色信息', '5'),
	(143, '1', '2013-11-10 15:36:02', '修改角色信息', '用户：系统管理员 于 2013-11-10 15:36:02 修改了名为：系统管理员 的角色信息', '5'),
	(144, '1', '2013-11-10 16:16:39', '修改司机信息', '用户：系统管理员 于 2013-11-10 16:16:39 修改了名为：林鑫 的司机信息', '5'),
	(145, '1', '2013-11-10 16:16:51', '修改司机信息', '用户：系统管理员 于 2013-11-10 16:16:51 修改了名为：罗翔 的司机信息', '5'),
	(146, '1', '2013-11-10 16:17:27', '新增司机信息', '用户：系统管理员 于 2013-11-10 16:17:27 新增了名为：张艺谋 的司机信息', '5'),
	(147, '1', '2013-11-10 16:19:05', '新增车辆信息', '用户：系统管理员 于 2013-11-10 16:19:05 新增了车牌号码为：沪B5H36D 的车辆信息', '5'),
	(148, '1', '2013-11-10 16:19:32', '分配车辆和司机', '用户：系统管理员 于 2013-11-10 16:19:32 为预订号为：ZC20131103-2 的预订信息分配了车辆（沪B5H36D）和司机（张艺谋）', '5'),
	(149, '1', '2013-11-10 17:04:47', '修改司机信息', '用户：系统管理员 于 2013-11-10 17:04:47 修改了名为：张艺谋 的司机信息', '5'),
	(150, '1', '2013-11-10 17:06:28', '修改司机信息', '用户：系统管理员 于 2013-11-10 17:06:28 修改了名为：张艺谋 的司机信息', '5'),
	(151, '1', '2013-11-10 17:15:38', '修改司机信息', '用户：系统管理员 于 2013-11-10 17:15:38 修改了名为：张艺谋 的司机信息', '5'),
	(152, '1', '2013-11-10 17:24:35', '修改司机信息', '用户：系统管理员 于 2013-11-10 17:24:35 修改了名为：张艺谋 的司机信息', '5'),
	(153, '1', '2013-11-10 17:33:38', '修改车辆信息', '用户：系统管理员 于 2013-11-10 17:33:38 修改了车牌号码为：沪B5H36D 的车辆信息', '5'),
	(154, '1', '2013-11-10 17:33:57', '修改车辆信息', '用户：系统管理员 于 2013-11-10 17:33:57 修改了车牌号码为：沪B5H36D 的车辆信息', '5'),
	(155, '1', '2013-11-11 12:59:09', '修改公司信息', '用户：系统管理员 于 2013-11-11 12:59:09 修改了公司信息', '5'),
	(156, '1', '2013-11-11 13:02:38', '修改公司信息', '用户：系统管理员 于 2013-11-11 13:02:38 修改了公司信息', '5'),
	(157, '1', '2013-11-11 13:31:35', '修改公司信息', '用户：系统管理员 于 2013-11-11 13:31:35 修改了公司信息', '5'),
	(158, '1', '2013-11-11 13:31:47', '修改公司信息', '用户：系统管理员 于 2013-11-11 13:31:47 修改了公司信息', '5'),
	(159, '1', '2013-11-12 11:59:20', '修改公司信息', '用户：系统管理员 于 2013-11-12 11:59:20 修改了公司信息', '5'),
	(160, '1', '2013-11-13 10:55:30', '修改注册用户', '用户：系统管理员 于 2013-11-13 10:55:30 修改了名为：张XX 的注册用户', '5'),
	(161, '17', '2013-11-13 11:32:37', '新增注册用户', '用户：张XXX 于 2013-11-13 11:32:37 新增了名为：张XXX 的注册用户', '5'),
	(162, '18', '2013-11-13 11:34:21', '新增注册用户', '用户：君XXX 于 2013-11-13 11:34:21 新增了名为：君XXX 的注册用户', '5'),
	(163, '6', '2013-11-13 15:18:20', '修改注册用户部分信息', '用户：张XX 于 2013-11-13 15:18:20 修改了名为：张XX 的注册用户的部分信息', '5'),
	(164, '6', '2013-11-13 15:46:23', '修改用户密码', '用户：张XX 于 2013-11-13 15:46:23 修改了名为：张XX 的用户的密码', '5'),
	(165, '6', '2013-11-13 15:47:35', '修改用户密码', '用户：张XX 于 2013-11-13 15:47:35 修改了名为：张XX 的用户的密码', '5'),
	(166, '1', '2013-11-13 16:56:16', '修改公告信息', '用户：系统管理员 于 2013-11-13 16:56:16 修改了标题为：奥迪A6L来新车啦 的公告信息', '5'),
	(167, '1', '2013-11-14 09:38:06', '修改优惠活动信息', '用户：系统管理员 于 2013-11-14 09:38:06 修改了名为：国庆送礼第三波 的优惠活动信息', '5'),
	(168, '1', '2013-11-14 09:40:23', '修改优惠活动信息', '用户：系统管理员 于 2013-11-14 09:40:23 修改了名为：国庆送礼第三波 的优惠活动信息', '5'),
	(169, '1', '2013-11-14 10:00:53', '修改优惠活动信息', '用户：系统管理员 于 2013-11-14 10:00:53 修改了名为：国庆送礼第三波 的优惠活动信息', '5'),
	(170, '1', '2013-11-23 10:10:25', '新增资源信息', '用户：系统管理员 于 2013-11-23 10:10:25 新增了名为：业务描述管理 的资源信息', '5'),
	(171, '1', '2013-11-23 10:10:37', '修改角色信息', '用户：系统管理员 于 2013-11-23 10:10:37 修改了名为：系统管理员 的角色信息', '5'),
	(172, '1', '2013-11-23 10:10:44', '修改角色信息', '用户：系统管理员 于 2013-11-23 10:10:44 修改了名为：南京业务员 的角色信息', '5'),
	(173, '1', '2013-11-23 10:10:50', '修改角色信息', '用户：系统管理员 于 2013-11-23 10:10:50 修改了名为：上海业务员 的角色信息', '5'),
	(174, '1', '2013-11-23 10:14:12', '修改业务描述信息', '用户：系统管理员 于 2013-11-23 10:14:12 修改了名为：点到点代驾 的业务描述信息', '5'),
	(175, '1', '2013-11-23 11:01:18', '修改业务描述信息', '用户：系统管理员 于 2013-11-23 11:01:18 修改了名为：点到点代驾 的业务描述信息', '5'),
	(178, '1', '2013-11-23 13:49:48', '确认预订信息', '用户：系统管理员 于 2013-11-23 13:49:48 确认了预订号为：ZC20131106-2 的预订信息', '5'),
	(179, '1', '2013-11-25 16:19:29', '新增验证码信息', '用户：null 于 2013-11-25 16:19:29 新增了修改用户密码的验证码：109629', '5'),
	(180, '1', '2013-11-25 16:21:44', '新增验证码信息', '用户：null 于 2013-11-25 16:21:44 新增了修改用户密码的验证码：810709', '5'),
	(181, '1', '2013-11-25 20:11:41', '新增验证码信息', '用户：null 于 2013-11-25 20:11:41 新增了用户注册的验证码：546631', '5'),
	(182, '1', '2013-11-25 20:12:33', '新增验证码信息', '用户：null 于 2013-11-25 20:12:33 新增了用户注册的验证码：246949', '5'),
	(183, '1', '2013-11-26 15:04:41', '新增验证码信息', '用户：null 于 2013-11-26 15:04:41 新增了用户注册的验证码：594898', '5'),
	(184, '1', '2013-11-26 15:06:30', '新增验证码信息', '用户：null 于 2013-11-26 15:06:30 新增了用户注册的验证码：535345', '5'),
	(185, '1', '2013-11-26 15:08:21', '新增验证码信息', '用户：null 于 2013-11-26 15:08:21 新增了用户注册的验证码：854761', '5'),
	(186, '1', '2013-11-26 15:09:00', '新增验证码信息', '用户：null 于 2013-11-26 15:09:00 新增了用户注册的验证码：523879', '5'),
	(187, '1', '2013-11-26 15:13:25', '新增验证码信息', '用户：null 于 2013-11-26 15:13:25 新增了用户注册的验证码：806079', '5'),
	(188, '1', '2013-11-26 15:14:30', '新增验证码信息', '用户：null 于 2013-11-26 15:14:30 新增了用户注册的验证码：179519', '5'),
	(189, '1', '2013-11-26 15:15:57', '新增验证码信息', '用户：null 于 2013-11-26 15:15:57 新增了用户注册的验证码：428643', '5'),
	(190, '1', '2013-11-26 15:16:16', '新增验证码信息', '用户：null 于 2013-11-26 15:16:16 新增了用户注册的验证码：626128', '5'),
	(191, '1', '2013-11-28 15:14:34', '新增车系信息', '用户：系统管理员 于 2013-11-28 15:14:34 新增了名为：别克GL8 的车系信息', '5'),
	(192, '1', '2013-11-28 15:20:37', '新增车系信息', '用户：系统管理员 于 2013-11-28 15:20:37 新增了名为：锋范 的车系信息', '5'),
	(193, '1', '2013-11-28 15:21:18', '修改车系信息', '用户：系统管理员 于 2013-11-28 15:21:18 修改了名为：锋范 的车系信息', '5'),
	(194, '1', '2013-11-28 15:21:54', '修改车系信息', '用户：系统管理员 于 2013-11-28 15:21:54 修改了名为：别克GL8 的车系信息', '5'),
	(195, '1', '2013-11-28 15:23:52', '新增车系信息', '用户：系统管理员 于 2013-11-28 15:23:52 新增了名为：尼桑 的车系信息', '5'),
	(196, '1', '2013-11-28 15:24:57', '修改租用类型信息', '用户：系统管理员 于 2013-11-28 15:24:57 修改了名为：豪华车型 的租用类型信息', '5'),
	(197, '1', '2013-11-29 14:12:27', '修改优惠活动信息', '用户：系统管理员 于 2013-11-29 14:12:27 修改了名为：国庆送礼第三波 的优惠活动信息', '5'),
	(199, '1', '2013-11-29 14:15:56', '新增预订租用信息', '用户：系统管理员 于 2013-11-29 14:15:56 新增了预订号为：ZC20131102-0001 的预订租用信息', '5'),
	(200, '1', '2013-11-29 14:16:48', '还车', '用户：系统管理员 于 2013-11-29 14:16:48 归还了预订号为：ZC20131103-1 的车辆', '5'),
	(201, '1', '2013-11-29 14:52:34', '修改优惠活动信息', '用户：系统管理员 于 2013-11-29 14:52:34 修改了名为：国庆送礼第三波 的优惠活动信息', '5'),
	(202, '1', '2013-11-29 14:53:08', '修改优惠活动信息', '用户：系统管理员 于 2013-11-29 14:53:08 修改了名为：国庆送礼第三波 的优惠活动信息', '5'),
	(203, '1', '2013-11-29 15:17:48', '新增车辆信息', '用户：系统管理员 于 2013-11-29 15:17:48 新增了车牌号码为：苏A1868P 的车辆信息', '5'),
	(204, '1', '2013-11-29 15:30:46', '修改车辆信息', '用户：系统管理员 于 2013-11-29 15:30:46 修改了车牌号码为：苏A1868P 的车辆信息', '5'),
	(205, '1', '2013-11-29 17:02:25', '修改业务信息', '用户：系统管理员 于 2013-11-29 17:02:25 修改了类型为：点到点代驾 的业务信息', '5'),
	(206, '1', '2013-11-29 17:02:50', '修改业务信息', '用户：系统管理员 于 2013-11-29 17:02:50 修改了类型为：点到点代驾 的业务信息', '5'),
	(207, '1', '2013-11-29 20:18:07', '新增验证码信息', '用户：null 于 2013-11-29 20:18:07 新增了用户注册的验证码：440354', '5'),
	(208, '19', '2013-11-29 20:27:59', '新增注册用户', '用户：张霄鹏 于 2013-11-29 20:27:59 新增了名为：张霄鹏 的注册用户', '5'),
	(209, '20', '2013-11-29 20:29:34', '新增注册用户', '用户：张霄鹏 于 2013-11-29 20:29:34 新增了名为：张霄鹏 的注册用户', '5'),
	(210, '20', '2013-11-29 20:30:43', '新增验证码信息', '用户：张霄鹏 于 2013-11-29 20:30:43 新增了修改用户密码的验证码：209510', '5'),
	(211, '21', '2013-11-29 20:32:16', '新增注册用户', '用户：张霄鹏 于 2013-11-29 20:32:16 新增了名为：张霄鹏 的注册用户', '5'),
	(212, '21', '2013-11-29 21:27:17', '新增预订租用信息', '用户：张霄鹏 于 2013-11-29 21:27:17 新增了预订号为：ZC20131109-0002 的预订租用信息', '5'),
	(213, '1', '2013-11-29 22:36:03', '新增预订租用信息', '用户：系统管理员 于 2013-11-29 22:36:03 新增了预订号为：ZC20131110-0003 的预订租用信息', '5'),
	(214, '1', '2013-11-29 22:45:28', '取车', '用户：系统管理员 于 2013-11-29 22:45:28 领取了预订号为：ZC20131103-2 的预订车辆', '5'),
	(215, '1', '2013-11-30 12:14:46', '还车', '用户：系统管理员 于 2013-11-30 12:14:46 归还了预订号为：ZC20131103-1 的车辆', '5'),
	(216, '1', '2013-11-30 12:16:32', '还车', '用户：系统管理员 于 2013-11-30 12:16:32 归还了预订号为：ZC20131103-1 的车辆', '5'),
	(217, '1', '2013-11-30 14:02:58', '修改租用类型信息', '用户：系统管理员 于 2013-11-30 14:02:58 修改了名为：舒适车型 的租用类型信息', '5'),
	(218, '1', '2013-11-30 14:03:29', '修改租用类型信息', '用户：系统管理员 于 2013-11-30 14:03:29 修改了名为：豪华车型 的租用类型信息', '5'),
	(219, '1', '2013-11-30 14:04:46', '修改租用类型信息', '用户：系统管理员 于 2013-11-30 14:04:46 修改了名为：豪华车型 的租用类型信息', '5'),
	(220, '1', '2013-11-30 14:05:46', '修改优惠活动信息', '用户：系统管理员 于 2013-11-30 14:05:46 修改了名为：国庆送礼第三波 的优惠活动信息', '5'),
	(221, '1', '2013-11-30 14:08:39', '修改优惠活动信息', '用户：系统管理员 于 2013-11-30 14:08:39 修改了名为：国庆送礼第三波 的优惠活动信息', '5'),
	(222, '1', '2013-11-30 14:09:05', '修改租用类型信息', '用户：系统管理员 于 2013-11-30 14:09:05 修改了名为：舒适车型 的租用类型信息', '5'),
	(223, '1', '2013-11-30 14:09:16', '修改租用类型信息', '用户：系统管理员 于 2013-11-30 14:09:16 修改了名为：豪华车型 的租用类型信息', '5'),
	(224, '18', '2013-12-01 16:34:28', '新增预订租用信息', '用户：君XXX 于 2013-12-01 16:34:28 新增了预订号为：ZC20131204-0001 的预订租用信息', '5'),
	(225, '18', '2013-12-01 16:35:55', '新增预订租用信息', '用户：君XXX 于 2013-12-01 16:35:55 新增了预订号为：ZC20131204-0002 的预订租用信息', '5'),
	(226, '18', '2013-12-01 16:43:46', '新增预订租用信息', '用户：君XXX 于 2013-12-01 16:43:46 新增了预订号为：ZC20131204-0003 的预订租用信息', '5'),
	(227, '18', '2013-12-01 16:44:56', '新增预订租用信息', '用户：君XXX 于 2013-12-01 16:44:56 新增了预订号为：ZC20131204-0004 的预订租用信息', '5'),
	(228, '18', '2013-12-01 16:48:22', '新增预订租用信息', '用户：君XXX 于 2013-12-01 16:48:22 新增了预订号为：ZC20131204-0005 的预订租用信息', '5'),
	(229, '18', '2013-12-01 16:48:52', '新增预订租用信息', '用户：君XXX 于 2013-12-01 16:48:52 新增了预订号为：ZC20131204-0006 的预订租用信息', '5'),
	(230, '18', '2013-12-01 16:49:27', '新增预订租用信息', '用户：君XXX 于 2013-12-01 16:49:27 新增了预订号为：ZC20131204-0007 的预订租用信息', '5'),
	(231, '18', '2013-12-01 16:49:53', '新增预订租用信息', '用户：君XXX 于 2013-12-01 16:49:53 新增了预订号为：ZC20131204-0008 的预订租用信息', '5'),
	(232, '1', '2013-12-02 13:11:46', '取消预订租用信息', '用户：系统管理员 于 2013-12-02 13:11:46 取消了预订号为：ZC20131110-0003 的预订租用信息', '5'),
	(233, '1', '2013-12-02 13:11:52', '取消预订租用信息', '用户：系统管理员 于 2013-12-02 13:11:52 取消了预订号为：ZC20131204-0001 的预订租用信息', '5'),
	(234, '1', '2013-12-02 13:11:57', '取消预订租用信息', '用户：系统管理员 于 2013-12-02 13:11:57 取消了预订号为：ZC20131204-0002,ZC20131204-0003,ZC20131204-0004 的预订租用信息', '5'),
	(235, '1', '2013-12-02 13:12:26', '取消预订租用信息', '用户：系统管理员 于 2013-12-02 13:12:26 取消了预订号为：ZC20131204-0006,ZC20131204-0007 的预订租用信息', '5'),
	(236, '1', '2013-12-02 16:40:34', '修改车辆信息', '用户：系统管理员 于 2013-12-02 16:40:34 修改了车牌号码为：沪DY9396 的车辆信息', '5'),
	(237, '1', '2013-12-02 16:40:34', '修改车辆信息', '用户：系统管理员 于 2013-12-02 16:40:34 修改了车牌号码为：沪DY9396 的车辆信息', '5'),
	(238, '1', '2013-12-02 16:40:58', '修改车辆信息', '用户：系统管理员 于 2013-12-02 16:40:58 修改了车牌号码为：沪DY6242 的车辆信息', '5'),
	(239, '1', '2013-12-02 16:44:26', '新增资源信息', '用户：系统管理员 于 2013-12-02 16:44:26 新增了名为：GPS在线监控 的资源信息', '5'),
	(240, '1', '2013-12-02 19:20:37', '修改角色信息', '用户：系统管理员 于 2013-12-02 19:20:37 修改了名为：系统管理员 的角色信息', '5'),
	(241, '1', '2013-12-02 19:20:44', '修改角色信息', '用户：系统管理员 于 2013-12-02 19:20:44 修改了名为：上海业务员 的角色信息', '5'),
	(242, '1', '2013-12-02 19:20:49', '修改角色信息', '用户：系统管理员 于 2013-12-02 19:20:49 修改了名为：南京业务员 的角色信息', '5'),
	(243, '1', '2013-12-03 14:43:13', '新增资源信息', '用户：系统管理员 于 2013-12-03 14:43:13 新增了名为：数据统计汇总 的资源信息', '5'),
	(244, '1', '2013-12-03 14:43:33', '修改角色信息', '用户：系统管理员 于 2013-12-03 14:43:33 修改了名为：系统管理员 的角色信息', '5'),
	(245, '1', '2013-12-03 14:43:40', '修改角色信息', '用户：系统管理员 于 2013-12-03 14:43:40 修改了名为：上海业务员 的角色信息', '5'),
	(246, '1', '2013-12-03 14:43:50', '修改角色信息', '用户：系统管理员 于 2013-12-03 14:43:50 修改了名为：南京业务员 的角色信息', '5');
/*!40000 ALTER TABLE `t_log` ENABLE KEYS */;


-- 导出  表 carrental.t_message 结构
DROP TABLE IF EXISTS `t_message`;
CREATE TABLE IF NOT EXISTS `t_message` (
  `id` int(10) NOT NULL AUTO_INCREMENT,
  `created_user` varchar(50) NOT NULL,
  `created_dt` timestamp NOT NULL DEFAULT CURRENT_TIMESTAMP ON UPDATE CURRENT_TIMESTAMP,
  `title` varchar(50) NOT NULL,
  `content` varchar(2000) NOT NULL,
  `receive_no` varchar(50) NOT NULL,
  PRIMARY KEY (`id`)
) ENGINE=InnoDB AUTO_INCREMENT=18 DEFAULT CHARSET=utf8;

-- 正在导出表  carrental.t_message 的数据：~16 rows (大约)
DELETE FROM `t_message`;
/*!40000 ALTER TABLE `t_message` DISABLE KEYS */;
INSERT INTO `t_message` (`id`, `created_user`, `created_dt`, `title`, `content`, `receive_no`) VALUES
	(1, '1', '2013-11-23 13:49:48', '确认预订', '亲爱的张XX您好，您于2013-11-09 18:50预订的订单已生效，预订取车时间为2013-11-20 18:50，查询编号为【ZC20131106-2】。', '13811111111'),
	(2, '1', '2013-11-25 16:19:29', '手机验证码', '短信验证码：109629，验证码请在15分钟内使用，仅限使用一次【新广得利租车】', '13861613227'),
	(3, '1', '2013-11-25 16:21:44', '手机验证码', '短信验证码：810709，验证码请在15分钟内使用，仅限使用一次【新广得利租车】', '13861613227'),
	(4, '1', '2013-11-25 20:11:41', '手机验证码', '短信验证码：546631，验证码请在15分钟内使用，仅限使用一次【新广得利租车】', '13861613227'),
	(5, '1', '2013-11-25 20:12:33', '手机验证码', '短信验证码：246949，验证码请在15分钟内使用，仅限使用一次【新广得利租车】', '13811111113'),
	(6, '1', '2013-11-26 15:04:41', '手机验证码', '短信验证码：594898，验证码请在15分钟内使用，仅限使用一次【新广得利租车】', '13811111113'),
	(7, '1', '2013-11-26 15:06:30', '手机验证码', '短信验证码：535345，验证码请在15分钟内使用，仅限使用一次【新广得利租车】', '13811111113'),
	(8, '1', '2013-11-26 15:08:21', '手机验证码', '短信验证码：854761，验证码请在15分钟内使用，仅限使用一次【新广得利租车】', '13811111113'),
	(9, '1', '2013-11-26 15:09:00', '手机验证码', '短信验证码：523879，验证码请在15分钟内使用，仅限使用一次【新广得利租车】', '13811111113'),
	(10, '1', '2013-11-26 15:13:25', '手机验证码', '短信验证码：806079，验证码请在15分钟内使用，仅限使用一次【新广得利租车】', '13811111113'),
	(11, '1', '2013-11-26 15:14:30', '手机验证码', '短信验证码：179519，验证码请在15分钟内使用，仅限使用一次【新广得利租车】', '13811111113'),
	(12, '1', '2013-11-26 15:15:57', '手机验证码', '短信验证码：428643，验证码请在15分钟内使用，仅限使用一次【新广得利租车】', '13811111113'),
	(13, '1', '2013-11-26 15:16:16', '手机验证码', '短信验证码：626128，验证码请在15分钟内使用，仅限使用一次【新广得利租车】', '13811111113'),
	(15, '1', '2013-11-29 14:15:56', '确认预订', '亲爱的君XXX您好，您于2013-11-29 14:15预订的订单已生效，预订取车时间为2013-11-29 14:14，查询编号为：ZC20131102-0001【新广得利租车】', '13811111114'),
	(16, '1', '2013-11-29 20:18:07', '手机验证码', '短信验证码：440354，验证码请在15分钟内使用，仅限使用一次【新广得利租车】', '13861613227'),
	(17, '20', '2013-11-29 20:30:43', '手机验证码', '短信验证码：209510，验证码请在15分钟内使用，仅限使用一次【新广得利租车】', '13861613227');
/*!40000 ALTER TABLE `t_message` ENABLE KEYS */;


-- 导出  表 carrental.t_notice 结构
DROP TABLE IF EXISTS `t_notice`;
CREATE TABLE IF NOT EXISTS `t_notice` (
  `id` int(10) NOT NULL AUTO_INCREMENT,
  `created_user` varchar(50) NOT NULL,
  `created_dt` timestamp NOT NULL DEFAULT CURRENT_TIMESTAMP ON UPDATE CURRENT_TIMESTAMP,
  `updated_user` varchar(50) NOT NULL,
  `updated_dt` timestamp NOT NULL DEFAULT '0000-00-00 00:00:00',
  `title` varchar(200) NOT NULL,
  `content` varchar(5000) NOT NULL,
  `image_path` varchar(200) NOT NULL,
  PRIMARY KEY (`id`)
) ENGINE=InnoDB AUTO_INCREMENT=3 DEFAULT CHARSET=utf8;

-- 正在导出表  carrental.t_notice 的数据：~1 rows (大约)
DELETE FROM `t_notice`;
/*!40000 ALTER TABLE `t_notice` DISABLE KEYS */;
INSERT INTO `t_notice` (`id`, `created_user`, `created_dt`, `updated_user`, `updated_dt`, `title`, `content`, `image_path`) VALUES
	(2, '1', '2013-11-13 16:56:16', '1', '2013-11-13 16:56:16', '奥迪A6L来新车啦', '<p>好消息！</p>\r\n<p>AUDI-A6L又有新车到啦，现在预订，享受全新的车辆体验！</p>', 'upload/notice/image/2013-11-10/20131110113148_363.jpg');
/*!40000 ALTER TABLE `t_notice` ENABLE KEYS */;


-- 导出  表 carrental.t_renttype_carseries 结构
DROP TABLE IF EXISTS `t_renttype_carseries`;
CREATE TABLE IF NOT EXISTS `t_renttype_carseries` (
  `type_id` int(10) NOT NULL,
  `series_id` int(10) NOT NULL
) ENGINE=InnoDB DEFAULT CHARSET=utf8;

-- 正在导出表  carrental.t_renttype_carseries 的数据：~6 rows (大约)
DELETE FROM `t_renttype_carseries`;
/*!40000 ALTER TABLE `t_renttype_carseries` DISABLE KEYS */;
INSERT INTO `t_renttype_carseries` (`type_id`, `series_id`) VALUES
	(2, 4),
	(1, 5),
	(1, 3),
	(1, 2),
	(1, 7),
	(1, 6);
/*!40000 ALTER TABLE `t_renttype_carseries` ENABLE KEYS */;


-- 导出  表 carrental.t_rent_car 结构
DROP TABLE IF EXISTS `t_rent_car`;
CREATE TABLE IF NOT EXISTS `t_rent_car` (
  `id` int(10) NOT NULL AUTO_INCREMENT,
  `created_user` varchar(50) NOT NULL,
  `created_dt` timestamp NOT NULL DEFAULT CURRENT_TIMESTAMP,
  `updated_user` varchar(50) NOT NULL,
  `updated_dt` timestamp NOT NULL DEFAULT '0000-00-00 00:00:00',
  `rent_number` varchar(50) NOT NULL,
  `rent_status` varchar(10) NOT NULL,
  `rent_way` varchar(20) NOT NULL,
  `customer` varchar(20) NOT NULL,
  `customer_company` varchar(200) DEFAULT NULL,
  `customer_phone` varchar(20) NOT NULL,
  `customer_email` varchar(50) DEFAULT NULL,
  `book_pick_up_dt` timestamp NOT NULL DEFAULT '0000-00-00 00:00:00',
  `book_pick_up_address` varchar(200) NOT NULL,
  `arrive_flight_no` varchar(50) DEFAULT NULL,
  `arrive_flight_dt` timestamp NULL DEFAULT NULL,
  `take_off_flight_no` varchar(50) DEFAULT NULL,
  `take_of_flight_dt` timestamp NULL DEFAULT NULL,
  `passenger_no` tinyint(4) NOT NULL,
  `pick_up_dt` timestamp NULL DEFAULT NULL,
  `start_mileage` decimal(10,1) DEFAULT NULL,
  `book_give_back_dt` timestamp NOT NULL DEFAULT '0000-00-00 00:00:00',
  `book_give_back_address` varchar(200) NOT NULL,
  `give_back_dt` timestamp NULL DEFAULT NULL,
  `end_mileage` decimal(10,1) DEFAULT NULL,
  `rent_fee` smallint(6) NOT NULL,
  `exceed_kilometer` smallint(6) DEFAULT NULL,
  `exceed_kilometer_fee` smallint(6) NOT NULL,
  `exceed_hour` smallint(6) DEFAULT NULL,
  `exceed_hour_fee` smallint(6) NOT NULL,
  `total_price` mediumint(9) DEFAULT NULL,
  `rent_type_id` varchar(50) NOT NULL,
  `car_series_id` varchar(50) DEFAULT NULL,
  `city_id` varchar(50) NOT NULL,
  `car_id` varchar(50) DEFAULT NULL,
  `driver_id` varchar(50) DEFAULT NULL,
  `book_user_id` varchar(50) NOT NULL,
  `business_id` varchar(50) NOT NULL,
  `coupon_id` varchar(50) DEFAULT NULL,
  `agent_id` varchar(50) DEFAULT NULL,
  `broken_part` varchar(200) DEFAULT NULL,
  `broken_fee` mediumint(9) DEFAULT NULL,
  `content` varchar(2000) DEFAULT NULL,
  PRIMARY KEY (`id`)
) ENGINE=InnoDB AUTO_INCREMENT=17 DEFAULT CHARSET=utf8;

-- 正在导出表  carrental.t_rent_car 的数据：~15 rows (大约)
DELETE FROM `t_rent_car`;
/*!40000 ALTER TABLE `t_rent_car` DISABLE KEYS */;
INSERT INTO `t_rent_car` (`id`, `created_user`, `created_dt`, `updated_user`, `updated_dt`, `rent_number`, `rent_status`, `rent_way`, `customer`, `customer_company`, `customer_phone`, `customer_email`, `book_pick_up_dt`, `book_pick_up_address`, `arrive_flight_no`, `arrive_flight_dt`, `take_off_flight_no`, `take_of_flight_dt`, `passenger_no`, `pick_up_dt`, `start_mileage`, `book_give_back_dt`, `book_give_back_address`, `give_back_dt`, `end_mileage`, `rent_fee`, `exceed_kilometer`, `exceed_kilometer_fee`, `exceed_hour`, `exceed_hour_fee`, `total_price`, `rent_type_id`, `car_series_id`, `city_id`, `car_id`, `driver_id`, `book_user_id`, `business_id`, `coupon_id`, `agent_id`, `broken_part`, `broken_fee`, `content`) VALUES
	(1, '1', '2013-11-08 14:03:39', '1', '2013-11-30 12:16:32', 'ZC20131103-1', '4', 'Call', '葛XX', 'XXX公司', '13811111114', '', '2013-12-02 05:29:00', 'ABC', '', NULL, '', NULL, 2, '2013-12-02 06:03:00', 586.3, '2013-12-02 20:29:00', 'EFG', '2013-12-02 21:04:00', 662.4, 150, 26, 10, 1, 7, 457, '1', '3', '1', '2', '1', '16', '1', '3', '1', '无', 0, NULL),
	(2, '1', '2013-11-08 17:03:48', '1', '2013-11-29 22:45:28', 'ZC20131103-2', '3', 'Call', '于XX', 'XXXX公司', '13822222222', '', '2013-11-18 15:55:00', 'QWE', 'FLT555', '2013-11-18 17:55:00', '', NULL, 3, '2013-11-29 22:45:00', 226.0, '2013-11-18 21:55:00', 'CXZ', NULL, NULL, 612, NULL, 14, NULL, 68, NULL, '1', '2', '1', '4', '3', '6', '3', '3', '1', NULL, 0, NULL),
	(3, '1', '2013-11-09 18:50:31', '1', '2013-11-23 13:49:48', 'ZC20131106-2', '2', 'Call', '吴XX', '', '13855555555', '', '2013-11-20 18:50:00', 'RRR', '', NULL, '', NULL, 1, NULL, NULL, '2013-11-21 18:50:00', 'QQQ', NULL, NULL, 88, NULL, 6, NULL, 4, NULL, '1', '3', '3', NULL, NULL, '6', '1', '', '1', NULL, 0, 'WW\r\nRR'),
	(4, '1', '2013-11-09 20:02:52', '1', '2013-11-09 20:02:52', 'ZC20131108-3', '2', 'PHONE', '袁XX', '', '13866666666', '', '2013-11-17 20:01:00', '555', '', NULL, '', NULL, 4, NULL, NULL, '2013-11-18 13:01:00', '444', NULL, NULL, 480, NULL, 8, NULL, 120, NULL, '1', '2', '1', NULL, NULL, '6', '1', '', '1', NULL, NULL, 'GG'),
	(6, '1', '2013-11-29 14:15:56', '1', '2013-11-29 14:15:56', 'ZC20131102-0001', '2', 'net', 'aaa', 'bb', '123', '', '2013-11-29 14:14:00', 'cc', '', NULL, '', NULL, 3, NULL, NULL, '2013-11-29 19:14:00', 'dd', NULL, NULL, 176, NULL, 11, NULL, 8, NULL, '2', '4', '1', NULL, NULL, '18', '2', '3', '1', NULL, NULL, ''),
	(7, '21', '2013-11-29 21:27:17', '21', '2013-12-02 13:27:00', 'ZC20131109-0002', '1', '网站在线预订', '吴XX', '', '1385556565', '', '2013-11-30 19:37:00', 'DDD', '', NULL, 'FT1990', '2013-11-30 20:37:00', 3, NULL, NULL, '2013-11-30 22:37:00', 'CCCC', NULL, NULL, 720, NULL, 16, NULL, 80, NULL, '1', NULL, '1', NULL, NULL, '21', '3', '', '21', NULL, NULL, NULL),
	(8, '1', '2013-11-29 22:36:03', '1', '2013-11-29 22:36:03', 'ZC20131110-0003', '1-A', '网站在线预订', '吴XX', '', '1385556565', '', '2013-11-29 22:15:00', 'DDD', '', NULL, '', NULL, 3, NULL, NULL, '2013-11-29 22:15:00', 'CCCC', NULL, NULL, 960, NULL, 16, NULL, 240, NULL, '1', NULL, '1', NULL, NULL, '21', '1', '2', '1', NULL, NULL, NULL),
	(9, '18', '2013-12-01 16:34:28', '18', '2013-12-01 16:34:28', 'ZC20131204-0001', '1-A', '网站在线预订', '梅XX', '', '13855555555', '', '2013-12-01 17:23:00', '333', '', NULL, '', NULL, 1, NULL, NULL, '2013-12-01 19:26:00', '555', NULL, NULL, 600, NULL, 10, NULL, 150, NULL, '1', NULL, '1', NULL, NULL, '18', '1', '', NULL, NULL, NULL, NULL),
	(10, '18', '2013-12-01 16:35:55', '18', '2013-12-01 16:35:55', 'ZC20131204-0002', '1-A', '网站在线预订', '梅XX', '', '13855555555', '', '2013-12-01 19:23:00', '333', '', NULL, '', NULL, 1, NULL, NULL, '2013-12-01 20:26:00', '555', NULL, NULL, 600, NULL, 10, NULL, 150, NULL, '1', NULL, '1', NULL, NULL, '18', '1', '', NULL, NULL, NULL, NULL),
	(11, '18', '2013-12-01 16:43:46', '18', '2013-12-01 16:43:46', 'ZC20131204-0003', '1-A', '网站在线预订', '梅XX', '', '13855555555', '', '2013-12-01 19:23:00', '333', '', NULL, '', NULL, 1, NULL, NULL, '2013-12-01 20:26:00', '555', NULL, NULL, 600, NULL, 10, NULL, 150, NULL, '1', NULL, '1', NULL, NULL, '18', '1', '', NULL, NULL, NULL, NULL),
	(12, '18', '2013-12-01 16:44:56', '18', '2013-12-01 16:44:56', 'ZC20131204-0004', '1-A', '网站在线预订', '梅XX', '', '13855555555', '', '2013-12-01 19:23:00', '333', '', NULL, '', NULL, 1, NULL, NULL, '2013-12-01 20:26:00', '555', NULL, NULL, 600, NULL, 10, NULL, 150, NULL, '1', NULL, '1', NULL, NULL, '18', '1', '', NULL, NULL, NULL, NULL),
	(13, '18', '2013-12-01 16:48:22', '18', '2013-12-02 13:27:00', 'ZC20131204-0005', '1', '网站在线预订', '梅XX', '', '13855555555', '', '2013-12-01 19:23:00', '333', '', NULL, '', NULL, 1, NULL, NULL, '2013-12-01 20:26:00', '555', NULL, NULL, 600, NULL, 10, NULL, 150, NULL, '1', NULL, '1', NULL, NULL, '18', '1', '', NULL, NULL, NULL, NULL),
	(14, '18', '2013-12-01 16:48:52', '18', '2013-12-01 16:48:52', 'ZC20131204-0006', '1-A', '网站在线预订', '梅XX', '', '13855555555', '', '2013-12-01 19:23:00', '333', '', NULL, '', NULL, 1, NULL, NULL, '2013-12-01 20:26:00', '555', NULL, NULL, 600, NULL, 10, NULL, 150, NULL, '1', NULL, '1', NULL, NULL, '18', '1', '', NULL, NULL, NULL, NULL),
	(15, '18', '2013-12-01 16:49:27', '18', '2013-12-01 16:49:27', 'ZC20131204-0007', '1-A', '网站在线预订', '梅XX', '', '13855555555', '', '2013-12-01 19:23:00', '333', '', NULL, '', NULL, 1, NULL, NULL, '2013-12-01 20:26:00', '555', NULL, NULL, 600, NULL, 10, NULL, 150, NULL, '1', NULL, '1', NULL, NULL, '18', '1', '', NULL, NULL, NULL, NULL),
	(16, '18', '2013-12-01 16:49:53', '18', '2013-12-01 16:49:53', 'ZC20131204-0008', '1', '网站在线预订', '梅XX', '', '13855555555', '', '2013-12-01 19:23:00', '333', '', NULL, '', NULL, 1, NULL, NULL, '2013-12-01 20:26:00', '555', NULL, NULL, 600, NULL, 10, NULL, 150, NULL, '1', NULL, '1', NULL, NULL, '18', '1', '', NULL, NULL, NULL, NULL);
/*!40000 ALTER TABLE `t_rent_car` ENABLE KEYS */;


-- 导出  表 carrental.t_rent_type 结构
DROP TABLE IF EXISTS `t_rent_type`;
CREATE TABLE IF NOT EXISTS `t_rent_type` (
  `id` int(10) NOT NULL AUTO_INCREMENT,
  `created_user` varchar(50) NOT NULL,
  `created_dt` timestamp NOT NULL DEFAULT CURRENT_TIMESTAMP,
  `updated_user` varchar(50) NOT NULL,
  `updated_dt` timestamp NOT NULL DEFAULT '0000-00-00 00:00:00',
  `type_name` varchar(50) NOT NULL,
  `load_limit` tinyint(4) NOT NULL,
  `content` varchar(2000) DEFAULT NULL,
  `image_path` varchar(200) NOT NULL,
  PRIMARY KEY (`id`)
) ENGINE=InnoDB AUTO_INCREMENT=3 DEFAULT CHARSET=utf8;

-- 正在导出表  carrental.t_rent_type 的数据：~2 rows (大约)
DELETE FROM `t_rent_type`;
/*!40000 ALTER TABLE `t_rent_type` DISABLE KEYS */;
INSERT INTO `t_rent_type` (`id`, `created_user`, `created_dt`, `updated_user`, `updated_dt`, `type_name`, `load_limit`, `content`, `image_path`) VALUES
	(1, '1', '2013-11-04 10:56:43', '1', '2013-11-30 14:09:16', '豪华车型', 4, '', 'upload/rentType/image/2013-11-30/20131130140916_4725.jpg'),
	(2, '1', '2013-11-04 16:21:50', '1', '2013-11-30 14:09:05', '舒适车型', 4, '', 'upload/rentType/image/2013-11-30/20131130140905_9294.jpg');
/*!40000 ALTER TABLE `t_rent_type` ENABLE KEYS */;


-- 导出  表 carrental.t_resource 结构
DROP TABLE IF EXISTS `t_resource`;
CREATE TABLE IF NOT EXISTS `t_resource` (
  `id` int(10) NOT NULL AUTO_INCREMENT,
  `name` varchar(50) NOT NULL,
  `type` varchar(50) NOT NULL,
  `parent_id` varchar(50) NOT NULL DEFAULT '0',
  PRIMARY KEY (`id`)
) ENGINE=InnoDB AUTO_INCREMENT=35 DEFAULT CHARSET=utf8;

-- 正在导出表  carrental.t_resource 的数据：~34 rows (大约)
DELETE FROM `t_resource`;
/*!40000 ALTER TABLE `t_resource` DISABLE KEYS */;
INSERT INTO `t_resource` (`id`, `name`, `type`, `parent_id`) VALUES
	(1, '用户管理', 'left-1', '0'),
	(2, '城市管理', 'left-1', '0'),
	(3, '注册用户管理', 'left-2', '1'),
	(4, '系统用户管理', 'left-2', '1'),
	(5, '资源配置管理', 'left-2', '1'),
	(6, '角色配置管理', 'left-2', '1'),
	(7, '黑名单管理', 'left-2', '1'),
	(8, '用户密码管理', 'left-2', '1'),
	(9, '企业信息管理', 'left-1', '0'),
	(10, '企业公告管理', 'left-1', '0'),
	(11, '车辆管理', 'left-1', '0'),
	(12, '车系管理', 'left-2', '11'),
	(13, '租用类型管理', 'left-2', '11'),
	(14, '车辆管理', 'left-2', '11'),
	(15, '司机管理', 'left-1', '0'),
	(16, '业务管理', 'left-1', '0'),
	(17, '点到点代驾', 'left-2', '16'),
	(18, '机场及车站接送', 'left-2', '16'),
	(19, '市用半日租', 'left-2', '16'),
	(20, '市用全日租', 'left-2', '16'),
	(21, '会务车辆安排', 'left-2', '16'),
	(22, '周边省市包车', 'left-2', '16'),
	(23, '活动优惠管理', 'left-1', '0'),
	(24, '车辆预订管理', 'left-1', '0'),
	(25, '点到点代驾', 'left-2', '24'),
	(26, '机场及车站接送', 'left-2', '24'),
	(27, '市用半日租', 'left-2', '24'),
	(28, '市用全日租', 'left-2', '24'),
	(29, '会务车辆安排', 'left-2', '24'),
	(30, '周边省市包车', 'left-2', '24'),
	(31, '车辆租用管理', 'left-1', '0'),
	(32, '业务描述管理', 'left-2', '16'),
	(33, 'GPS在线监控', 'left-1', '0'),
	(34, '数据统计汇总', 'left-1', '0');
/*!40000 ALTER TABLE `t_resource` ENABLE KEYS */;


-- 导出  表 carrental.t_role 结构
DROP TABLE IF EXISTS `t_role`;
CREATE TABLE IF NOT EXISTS `t_role` (
  `id` int(10) NOT NULL AUTO_INCREMENT,
  `role_name` varchar(50) NOT NULL,
  `city_id` varchar(50) NOT NULL,
  `created_user` varchar(50) NOT NULL,
  `created_dt` timestamp NOT NULL DEFAULT CURRENT_TIMESTAMP,
  `updated_user` varchar(50) NOT NULL,
  `updated_dt` timestamp NOT NULL DEFAULT '0000-00-00 00:00:00',
  PRIMARY KEY (`id`)
) ENGINE=InnoDB AUTO_INCREMENT=4 DEFAULT CHARSET=utf8;

-- 正在导出表  carrental.t_role 的数据：~3 rows (大约)
DELETE FROM `t_role`;
/*!40000 ALTER TABLE `t_role` DISABLE KEYS */;
INSERT INTO `t_role` (`id`, `role_name`, `city_id`, `created_user`, `created_dt`, `updated_user`, `updated_dt`) VALUES
	(1, '系统管理员', '', '1', '2013-10-30 17:02:12', '1', '2013-12-03 14:43:33'),
	(2, '上海业务员', '1', '1', '2013-10-30 17:04:27', '1', '2013-12-03 14:43:40'),
	(3, '南京业务员', '3', '1', '2013-10-30 19:07:14', '1', '2013-12-03 14:43:50');
/*!40000 ALTER TABLE `t_role` ENABLE KEYS */;


-- 导出  表 carrental.t_role_resource 结构
DROP TABLE IF EXISTS `t_role_resource`;
CREATE TABLE IF NOT EXISTS `t_role_resource` (
  `role_id` varchar(50) DEFAULT NULL,
  `resource_id` varchar(50) DEFAULT NULL
) ENGINE=InnoDB DEFAULT CHARSET=utf8;

-- 正在导出表  carrental.t_role_resource 的数据：~91 rows (大约)
DELETE FROM `t_role_resource`;
/*!40000 ALTER TABLE `t_role_resource` DISABLE KEYS */;
INSERT INTO `t_role_resource` (`role_id`, `resource_id`) VALUES
	('1', '33'),
	('1', '16'),
	('1', '32'),
	('1', '21'),
	('1', '22'),
	('1', '20'),
	('1', '19'),
	('1', '18'),
	('1', '17'),
	('1', '9'),
	('1', '10'),
	('1', '15'),
	('1', '2'),
	('1', '34'),
	('1', '23'),
	('1', '1'),
	('1', '3'),
	('1', '8'),
	('1', '4'),
	('1', '6'),
	('1', '5'),
	('1', '7'),
	('1', '31'),
	('1', '11'),
	('1', '13'),
	('1', '12'),
	('1', '14'),
	('1', '24'),
	('1', '29'),
	('1', '30'),
	('1', '28'),
	('1', '27'),
	('1', '26'),
	('1', '25'),
	('2', '33'),
	('2', '16'),
	('2', '32'),
	('2', '21'),
	('2', '22'),
	('2', '20'),
	('2', '19'),
	('2', '18'),
	('2', '17'),
	('2', '15'),
	('2', '34'),
	('2', '23'),
	('2', '1'),
	('2', '3'),
	('2', '8'),
	('2', '4'),
	('2', '7'),
	('2', '31'),
	('2', '11'),
	('2', '13'),
	('2', '12'),
	('2', '14'),
	('2', '24'),
	('2', '29'),
	('2', '30'),
	('2', '28'),
	('2', '27'),
	('2', '26'),
	('2', '25'),
	('3', '33'),
	('3', '16'),
	('3', '32'),
	('3', '21'),
	('3', '22'),
	('3', '20'),
	('3', '19'),
	('3', '18'),
	('3', '17'),
	('3', '15'),
	('3', '34'),
	('3', '1'),
	('3', '3'),
	('3', '8'),
	('3', '4'),
	('3', '7'),
	('3', '31'),
	('3', '11'),
	('3', '13'),
	('3', '12'),
	('3', '14'),
	('3', '24'),
	('3', '29'),
	('3', '30'),
	('3', '28'),
	('3', '27'),
	('3', '26'),
	('3', '25');
/*!40000 ALTER TABLE `t_role_resource` ENABLE KEYS */;
/*!40101 SET SQL_MODE=IFNULL(@OLD_SQL_MODE, '') */;
/*!40014 SET FOREIGN_KEY_CHECKS=IF(@OLD_FOREIGN_KEY_CHECKS IS NULL, 1, @OLD_FOREIGN_KEY_CHECKS) */;
/*!40101 SET CHARACTER_SET_CLIENT=@OLD_CHARACTER_SET_CLIENT */;
